char	root1	band1	gloss1	root2	band2	gloss2
粟	panic	basic	【料】キビ団子	mili	pejvo	{Ｏ}【植】雑穀（アワ，キビ，ヒエ，モロコシなど）,>>setario,>>panico,>>ekinoklo,>>sorgo;=>mileo（キビ）
案	projekt	basic	［他］計画する,企画する,立案する	pupitr	pejvo	{Ｏ}（傾斜した）見台,書見台,記帳台,立ち机;【楽】譜面台
杏	anzu	piv	【植】【PIV】1 Var. (Vari(aj^)o) de abrikotarbo (Prunus armeniaca var. (vari(aj^)o) ansu) el E 	abrikot	basic	アンズの
胃	gastr	sci	【医】【PIV】Stomako (en kunmetaj^oj).	stomak	basic	胃の
引	gravit	pejvo	重力の	cit	basic	{Ｂ}［他］引用する;（名前や例を）挙げる,引き合いに出す
淫	porn	pejvo	［略］=pornografio（ポルノグラフィー）	obscen	pejvo	わいせつな,みだらな,>>malc^asta,>>maldeca
羽	volan	pejvo	【運】（バドミントンの）羽根,シャトル	plum	basic	羽根の,羽根のような
疫	epidemi	basic	【病】流行性の;流行病の;《転》伝染性の,流行性の	pest	pejvo	ペストの;《転》悪疫の,有害な
益	benefic	pejvo	慈善興行;【法】（法律で認められた）特典,特権	util	basic	{Ｂ}有用な,有益な,役に立つ;便利な,実用的な
悦	plac^		感じの良い,気持ちのよい	delekt	piv	【PIV】(tr (transitiva)) Tre plezurigi: la pas^tisto pri l' ondaro sin delektis kun admiro .
越	ju	pejvo	(語釈なし)	trans	prep	向こうの,向こう側の;【情】遠隔の,リモートの
宴	festen	basic	{Ｂ}［自］ごちそうを食べる;宴会に参加する;祝宴を催す	banked	pejvo	［自］宴会に参加する;会食する
炎	katar	basic	【医】カタル性の	inflam	sci	［自］炎症を起こしている
横	transvers	pejvo	横の,横線状の,横断の,>>lau^larg^a,><lau^longa	horizontal	basic	{Ｂ}水平の,横の,>>vertikala
王	rag^	pejvo	ラージャ（インドの王・王族の称号）	reg^		王の,国王の;王立の
黄	flav	basic	{Ｂ}黄色い,黄色の	flavin	piv	【化】【PIV】Rug^flava hetero-kvarcikla aromata ketono, C 10 H 6 N 4 O 2.
加	adici	basic	{Ｂ}［他］【数】加える,足し算する,>>aldoni	plus	func	超過,余剰
寡	vidv	basic	配偶者を失った,やもめの	oligo	piv	(語釈なし)
蚊	kul	pejvo	{Ｏ}【虫】カ（蚊）;（特に）イエカ（属）,>>moskito	moskit	basic	{Ｂ}《般》【虫】蚊（か）,>>kulo
我	mi	func	私の,僕の,あたしの	atm	piv	【哲】【PIV】Koncepto de persona memo en la hinda filozofio, pritraktata de la Upanis^adoj.
快	alegr	pejvo	【楽】（速度標語）速く,快速に	agrabl	basic	{Ｂ}快い,心地よい,気持ちのよい
悔	rimors	piv	【PIV】Konsciencriproc^o: vermo la hau^ton rong^os, kiel rimorso lasta; kun rimorsa pento .	pent	basic	{Ｂ}［他］後悔する,悔悟する,改悛する
芥	sinap	pejvo	【医】からし泥（でい）	mustard	basic	【軍】マスタードガス,=iperito
害	noc	pejvo	《稀》=malutili（有害である）	atenc	pejvo	{Ｏ}［他］危害を加える,侵害する
廓	kontur	pejvo	［他］輪郭を描く,かたどる	profil	pejvo	横顔の;縦断面の;輪郭の
割	serp	pejvo	［他］（鎌で）刈る	sekant	pejvo	【数】セカント（正割）,>>kosinuso
褐	bistr	pejvo	ビスタ色の,焦げ茶色の	brun	basic	{Ｂ}褐色の,栗色の,茶色の
汗	s^vit		汗の;汗ばんだ,汗まみれの	h^an	pejvo	【史】ハーン,カン（汗）（中央アジア遊牧民の族長・君主の称号）
丸	pilol	basic	{Ｏ}【薬】錠剤,丸薬;《般》（避妊用の）ピル	testik	pejvo	【解】睾丸（こうがん）転位
癌	kancer	basic	がん細胞	karcinom	piv	【医】【PIV】Epitelia kancera variaj^o.
岩	petr	piv	{Ｏ}（男子名）ペテロ,ペトロ,ピーター	rok	basic	岩の,岩石からなる;岩に覆われた
危	dang^er		危険な,危害を与える,物騒な	kriz	basic	危機的な;=sojla（臨界の）
喜	g^oj		喜びの,うれしい	s^at		{Ｂ}［他］価値を認める,高く評価する,尊重する;好む,好く,愛好する,=ami
寄	visk	pejvo	{Ｏ}【植】ヤドリギ（宿木）（属）	konsign	piv	【PIV】(tr (transitiva)) 1 Sendi trajne, s^ipe, aviadile (varojn) al negocisto, por ke tiu v
季	trimestr	pejvo	四半期に一度の,季刊の,>>trimonata	sezon	basic	季節の,季節的な
稀	dilu	pejvo	［他］【化】希釈する;薄める,=malkoncentri	rar	pejvo	まれな,希少な,珍しい,=malofta
共	komun	basic	{Ｂ}共通の,共有の,共同の;一般の,普通の	kun	prep	いっしょの,同じ
境	eko	pejvo	(語釈なし)	medi	basic	環境の
峡	ravin	pejvo	【地理】峡谷,渓谷	istm	pejvo	{Ｏ}【地理】地峡;【解】峡部
怯	poltron	pejvo	《詩》=malkurag^a（臆病な）	timid	pejvo	《詩》=sing^ena（内気な）
玉	jad	pejvo	【鉱】翡翠（ひすい）,玉（ぎょく）	gem	pejvo	{Ｏ}宝石
勤	diligent	basic	{Ｂ}勤勉な	asidu	piv	【PIV】Regule vizitanta la lokon de sia ofico, tasko, devoligoj ks (kaj simile, kaj similaj)
筋	muskol	basic	筋肉の;筋肉の多い,筋骨たくましい	tenden	pejvo	{Ｏ}【解】腱（けん）;（弓の）弦,つる
芹	celeri	pejvo	{Ｏ}【植】セロリ,オランダミツバ	api	pejvo	{Ｏ}【植】オランダミツバ（属）,>>celerio
掘	sape	pejvo	［他］（城壁などを土台から）掘り崩す;対壕を掘る	fos	basic	{Ｂ}［他］掘る;発掘する;《転》（問題などを）掘り下げる
栗	maron	pejvo	【果】（栽培された）栗,大栗,>>kas^tano	kas^tan		{Ｂ}【果】クリ（栗）
群	ar	suf	【単】アール（面積の単位，＝100平方メートル）	greg	basic	群れの,群集の
刑	kriminal	pejvo	{Ｏ}【法】刑事上の	linc^	pejvo	［他］リンチを加える,私刑にする
型	muld	pejvo	{Ｏ}［他］型に入れて作る,鋳造する;型を取る,鋳型をとる	tip	basic	典型的な,代表的な;特有の,いかにも〜らしい;類型的な,型にはまった
景	pejzag^		{Ｂ}風景,景色,眺め;【美】風景画;【環】景観	panoram	basic	パノラマのような,全景を見渡せる
桂	lau^r	pejvo	{Ｏ}【植】ゲッケイジュ（属）（月桂樹）	cinam	basic	{Ｂ}【料】桂皮,シナモン
茎	kulm	pejvo	【植】（麦などの）茎,>>tigo;《詩》=>kulmino（頂点）	tig	basic	{Ｂ}【植】茎（くき）;（ピストンなどの）棒,軸;（グラスの）あし
健	salubr	piv	【医】【PIV】Favora por la sano: salubra klimato, aero. Vd saniga.	san	basic	{Ｂ}健康な,健やかな,丈夫な,元気な;《転》健全な
券	bil	pejvo	【経】証券,手形	kupon	basic	{Ｂ}クーポン（券）,切符の半券;【経】利札（りさつ）
肩	skapol	pejvo	肩甲骨の	s^ultr		肩の
元	vokoid	piv	【語】【PIV】Parolsono, dum kies prononco la aero fluas el la bus^o super la meza parto de la l	vokal	basic	{Ｏ}【声】母音
限	restrikt	piv	【PIV】(tr (transitiva)) Malvastigi: restrikti la aplikon de leg^o al dau^ro de du jaroj; re	fini	piv	【数】【PIV】a) (pp (se paroli pri) aro) Havanta nombron de elementoj egalan al unu el la nombr
古	antikv	basic	{Ｏ}古代の,大昔の	arka	pejvo	【PIV】Arkaika.
糊	amel	pejvo	［他］糊付けする	past	basic	{Ｂ}【料】ペースト,ねり粉,生地;ペースト状のもの
互	mutual	pejvo	【法】相互扶助の,共済の	reciprok	basic	{Ｂ}相互の,お互いの;互恵的な
侯	princ	basic	君主の;君主にふさわしい	markiz	pejvo	{Ｏ}侯爵
后	post	prep	後の;後ろの	aposterior	pejvo	【哲】後天的,経験的,帰納的,><apriora
喉	gorg^		のどの	laring	pejvo	喉頭の;【声】喉頭音の
孔	por	prep	小孔のある;多孔質の	apertur	basic	{Ｂ}開口部,口,穴;出入り口;【理】口径
宏	makro	pejvo	【情】マクロ	grandioz	basic	{Ｂ}雄大な,堂々たる,荘厳な
梗	pedunkl	pejvo	【植】花柄;【解】脳脚	infarkt	pejvo	【医】【PIV】Nomo donata al vaskula teritorio, en kiu estas nekrozo de histoj pro c^eso de la s
高	alt	basic	{Ｂ}高い;高貴な,高級な	altitud	pejvo	【地理】標高,海抜,=absoluta alteco
劫	korsar	pejvo	{Ｏ}【史】私掠船船長,私掠船乗組員,=kaperisto,>>pirato;=korsars^ipo（私掠船）	kaper	pejvo	［他］（敵船を）私掠（しりゃく）する,捕獲する
克	konker	pejvo	{Ｏ}［他］征服する,戦い取る;《転》（努力して）勝ち取る,克服する	gram	basic	{Ｂ}【単】グラム（g）
此	c^i	func	(語釈なし)	cis	pejvo	(語釈なし)
婚	fianc^		{Ｂ}婚約者（男）,いいなずけ（男）	nupt	pejvo	《詩》=geedzig^ofesto（婚礼）
根	radik	basic	根の;《転》根本的な,根源的な;【植】根生の;【Ｇ】語根の;【数】根の	radikl	piv	【解】【PIV】Radiko de krania au^ spina nervo.
塞	plosiv	pejvo	【語】破裂音,閉鎖音	kork	basic	コルク製の
祭	mes	pejvo	{Ｏ}【キ】ミサ,聖祭;【楽】ミサ曲	hieratik	pejvo	聖事に関する,聖職者の;【史】神官文字の
作	au^tor		{Ｂ}著者,作者	verk	basic	［他］著作する,（論文・記事などを）書く,制作する
三	terciar	pejvo	【学】第三の,三次の,>>sekundara;【地質】第三紀の,>>kvaternara	tri	num	第三の,三番目の
餐	supe	piv	【PIV】Delikata au^ festa vespermang^o.	restoraci	basic	{Ｂ}レストラン,料理店,食堂
史	anal	piv	【史】【PIV】Rakonto de historiaj faktoj, strikte kronologia: la Analoj de Tacito.	histori	basic	歴史上の,歴史的な
士	licenci	pejvo	学士号,>>bakalau^reco;学位,>>magistreco,>>doktoreco	kavalir	pejvo	騎士の
姿	gest	basic	身ぶりで	poz	pejvo	{Ｏ}［自］【美】ポーズをとる;《転》気取る
子	atom	basic	原子の;原子力の,核の	id	suf	子ども;子孫（一人）;《転》信奉者,弟子
止	c^es		{Ｂ}［自］やむ,〜しなくなる	apne	pejvo	【医】無呼吸症候群
私	partikular	pejvo	分離独立的な,自己中心的な,排他的な	privat	basic	{Ｂ}私的な,私の,非公式な;私立の,私有の
次	sekundar	pejvo	【学】第二の,二次の,>>primara;《古》第二紀の,=mezozoika	foj	basic	一度,ある時
自	sin	basic	{Ｂ}胸部;懐（ふところ）;胎内;《転》内奥;《転》胸の内	mem	func	自身の,自らの
邪	pervers	pejvo	邪悪な,よこしまな,倒錯した,>>malica	perversi	pejvo	【医】異常;《般》性的倒錯
勺	s^kop	piv	【PIV】Ujo el ligno au^ lado, uzata por forc^erpi akvon el boatfundo.	kuler	basic	{Ｂ}【料】さじ,スプーン
守	gard	basic	番をして;用心深く	garnizon	pejvo	［自］【軍】駐屯する
手	man	basic	手で	kiral	piv	【理】【PIV】1 Ne simetria sub speguligo: multaj likvaj kristaloj estas kiralaj k turnas la pol
朱	vermiljon	pejvo	朱の,朱色の	cinabr	pejvo	朱の;朱色の
首	c^ef		主な,主要な	arki	piv	(語釈なし)
授	profesor	basic	{Ｂ}（大学・高等教育機関の）教授（人）	inic	pejvo	［他］（人に）秘伝を授ける;手ほどきをする
酬	honorari	pejvo	［他］謝礼金を払う	rekompenc	basic	お返しに,褒美として
十	decimal	pejvo	{Ｏ}【数】十進法の,=dekuma	dek	num	十番目の
汁	most	pejvo	{Ｏ}（発酵前の）ブドウ液,>>vino	suk	basic	汁の;みずみずしい,=sukplena
醇	glikol	piv	【化】【PIV】1 Senkolora likvo, diolo, HOCH 2-CH 2 OH. Sin. (sinonimo) 1,2-etandiolo. 2 (vs (va	alkohol	basic	アルコールの
助	help	basic	手助けの,援助の;補助的な	adjunkt	pejvo	助役,補佐,助手,>>asistanto
序	sekvenc	piv	【楽】【PIV】1 【楽】Almenau^ dufoja ripeto de figuro, c^iufoje pli (mal)alte; g^i povas esti supr	ord	basic	順序の;整理された
匠	virtuoz	pejvo	{Ｏ}（演奏の）名手,巨匠;（一般に）名人,達人,>>majstro	prot	pejvo	【PIV】Laborestro en pasintecaj presejoj.
唱	h^or		{Ｂ}合唱団,合唱隊;合唱,合唱曲,=koruso;【劇】コロス（古代ギリシア演劇でそろって歌い踊る一群）	kant	basic	{Ｂ}［他］歌う;（鳥が）さえずる;《転》心地よい音を奏でる;（詩や歌で）褒めたたえる
将	baldau^		まもなくの	general	basic	{Ｂ}【軍】将軍;将官
照	fotograf	basic	【写】写真濃度	ilumin	pejvo	{Ｏ}［他］照明する,イルミネーションで飾る;【宗】天啓を与える
障	handikap	pejvo	［他］【運】ハンディキャップをつける	bar	basic	{Ｏ}［他］道をふさぐ;《転》妨げる
上	sur	prep	【解】ふくらはぎ,=tibikarno	super	prep	上方の;上位の;優れた
条	lat	pejvo	［他］木摺りを打ちつける	stri	basic	線状の,筋状の
拭	s^vabr	pejvo	［他］モップで拭く	vis^		{Ｂ}［他］ふく,ぬぐう;ふき取る
殖	koloni	basic	植民地の,植民の	prolifer	piv	【PIV】(ntr (netransitiva)) 1 (pp (se paroli pri) c^elo au^ histo) Multoblig^i. 2 (pp (se pa
食	eklips	pejvo	【天】食の	mang^		{Ｂ}［他］食べる;（虫が）食う;常食とする;《転》腐食する,むしばむ;《転》むさぼる
辱	blasfem	basic	{Ｂ}［自］【宗】不敬なことを言う,冒涜的な言葉を吐く;［他］ののしる	sakrilegi	pejvo	冒涜的な,神聖を汚す;無礼な,罰当たりな
伸	etend	basic	{Ｂ}［他］伸ばす;（手を伸ばして）差し出す;（金属を）延ばす;広げる,拡張する	ekstens	piv	【解】【PIV】(tr (transitiva)) Malfaldi anatomian elementon, metante g^in au^ en rekta linio ri
振	oscil	pejvo	［自］【理】（往復）振動する	vibr	pejvo	震動の,振動の
疹	ekzantem	pejvo	【病】発疹性の	tif	pejvo	{Ｏ}【病】チフス（通称）,>>ekzantema tifo,>>tifoido,>>paratifo
真	au^tentik	pejvo	{Ｏ}真正の,（典拠により）確かな;【法】認証された	ver	basic	{Ｂ}本当の,実際の;真実の,真の,本物の
神	di	basic	神の;神のような,この上なくすばらしい	numen	piv	【心】【宗】【PIV】1 Tio, kio, je supernatura nivelo, kau^zas numenan staton. 2 Aparta volo de Dio
臣	vasal	pejvo	{Ｏ}【史】（封建制下の）家臣,臣下	ministr	basic	大臣の
逗	kom	basic	【地名】コモ湖（イタリア）	s^erc		冗談の,おどけた
吹	blov	basic	{Ｂ}［自］（風が）吹く,息を吐く;［他］吹く,吹き鳴らす	blag	pejvo	［自］でたらめをいう,ほらを吹く
睡	pij^am		{Ｏ}【服】パジャマ,>>noktoc^emizo	dorm	basic	{Ｂ}［自］眠っている;《転》休止している
衰	atenu	pejvo	【電】減衰指数,減衰定数	kah^eksi	piv	【医】【PIV】Grava perturbo de c^iuj funkcioj de la organismo, karakterizata de malgrasig^o au^
誓	j^ur		誓約した;宣誓した	vot	pejvo	誓いの,誓願の
青	livid	piv	【医】【PIV】Havanta koloron blanketan, iom verdetan au^ violetan.	cian	pejvo	【化】シアン
税	impost	basic	税収	akciz	pejvo	［他］【経】消費税を課す
千	mil	num	千	kilometr	basic	{Ｂ}【単】キロメートル（km）
潜	plong^		{Ｂ}［自］（水に）飛び込む,ダイビングする;【空】急降下する	latent	pejvo	潜在的な,隠れた;【医】潜伏性の,潜伏期の
腺	aden	piv	【地名】アデン湾（アラビア半島南部）	gland	pejvo	{Ｏ}【解】腺
粗	rasp	pejvo	ざらざらした,きめの粗い;《転》しわがれた,ごつごつした	krud	basic	{Ｂ}生の,未加工の;粗野な,荒々しい
霜	prujn	pejvo	霜の	frost	basic	厳寒の,凍りつくような
像	statu	basic	{Ｂ}立像,彫像	s^ajn		見かけの,外見上の
促	forc	pejvo	［他］【農】促成栽培する	akcel	basic	{Ｂ}［他］加速する,促進する,>>plirapidigi
即	ekstemporal	pejvo	即座に,即席で	tuj	func	すぐの,即時の
属	aparten	basic	{Ｂ}［自］（〜 al）〜のものである;〜に所属する	genr	pejvo	{Ｏ}【Ｇ】性;【生】（分類学上の）属
托	korbel	pejvo	【建】持送り積み	kolb	pejvo	【軍】（銃床の）床尾（しょうび）
探	esplor	basic	{Ｂ}［他］探検する,踏査する;調査する,探究する,研究する;【医】診査する,（精密）検査する;【法】審理する	sond	pejvo	{Ｏ}［他］（機具で深い所を）探る,調査する;【海】（測鉛で）測深する;【医】（ゾンデを用いて）検査する;《転》打診する
炭	brag^	pejvo	おき,消し炭	karb	basic	{Ｂ}炭,石炭,木炭
短	kurt	pejvo	《詩》=mallonga（短い）	efemer	pejvo	{Ｏ}はかない,束の間の,一日限りの
胆	gal	basic	胆汁の;胆汁質の;ひどく苦い	kole	piv	【化】【医】【PIV】Galo 1 (pref-e (prefikse) uzata).
断	intermit	pejvo	断続的な,間欠的な	asert	basic	{Ｂ}［他］断言する,主張する
知	gnostik	piv	【PIV】1 Unua provo de kristana teologio: la gnostiko de la Epistolo al la Galatoj. Vd miste	sci	basic	{Ｂ}［他］知っている,知識がある;心得ている,〜できる
逐	proskrib	pejvo	［他］追放する,=ekzili;=malpermesi;=eksterleg^igi	ekzil	pejvo	{Ｏ}［他］祖国から追放する,>>proskribi,>>elpeli
窒	asfiksi	pejvo	［他］【医】窒息させる	sufok	basic	窒息するような,息苦しい,息詰まる
抽	ekstrakt	pejvo	［他］抽出する;抜粋する,引用する	abstrakt	basic	{Ｏ}抽象的な,><konkreta;観念的な;【美】抽象派の
兆	bilion	num	（米英で）十億,=miliardo;（独仏で）一兆,=duiliono,=mil miliardoj	megom	pejvo	【電】=megaomo（メガオーム）
跳	kapriol	pejvo	［自］跳ね回る,跳躍する	salt	basic	{Ｂ}［自］跳ぶ,跳び上がる,跳躍する;飛び移る,飛びのく;《転》飛躍する;《転》急増する
痛	dolor	basic	痛い,痛ましい	algi	suf	【医】【PIV】Doloro (suf-e (sufikse) uzata): neu^ralgio, cefalalgio (kapdoloro), termoalgio (Si
爪	klik	pejvo	【機】歯止め,爪（つめ）;（排他的な）徒党,一味,派閥	ung	basic	［他］つめを立てる,ひっかく,>>ungograti,>>ungovundi
低	bas	pejvo	【楽】バスの,低音の;《詩》=malalta（低い）	depresi	pejvo	【経】不況,不景気;【医】=deprimo（うつ病）
提	menci	basic	{Ｂ}［他］言及する,ちょっと触れる,名を挙げる	suflor	pejvo	［他］せりふを付ける;《転》そっと教える,耳打ちする
艇	jakt	basic	【海】ヨット	jah^t	pejvo	【海】=jakto（ヨット）
摘	pluk	pejvo	［他］（花や実を）摘む,摘みとる,>>des^iri;つまみ上げる;【楽】（ハープなどを）つまびく,=pinc^i	enukle	pejvo	［他］【医】（腫瘍・眼球などを）摘出する
笛	fajf	basic	{Ｂ}［自］（高く鋭い音を出すこと）口笛を吹く,指笛を吹く;警笛を鳴らす,汽笛を鳴らす;（鳥が）ぴいぴい鳴く	flut	pejvo	［自］フルートを吹く;［他］フルートで演奏する
哲	filozof	pejvo	［自］=filozofii（哲学する）;達観する	filozofi	basic	哲学的な
田	hub	pejvo	【史】小農地,フーフェ（中世ヨーロッパで農民に割り当てられた土地）	kamp	basic	【植】ルリハコベ
堵	s^top		{Ｂ}［他］（穴・隙間などを）ふさぐ,栓をする,詰め物をする,埋める;ふさいで邪魔をする,閉鎖する;詰めこむ,いっぱいにする;（布や編み物の穴を）繕う,かがる,>>fliki	obtur	pejvo	【写】シャッター速度
徒	adept	pejvo	{Ｏ}（学説・教義の）信奉者;（思想・運動の）支持者,仲間,同志	van	basic	{Ｂ}実りのない,むだな;むなしい,実質を伴わない
怒	kolerik	piv	【医】【PIV】Apartenanta al unu el la kvar temperamentoj lau^ la Hipokrata humora medicino.	koler	basic	怒りの,立腹した,怒っている
倒	kusp	pejvo	毛並みに逆らって,逆に	inversi	pejvo	［他］倒置する
投	spekul	pejvo	投機的な	j^et		{Ｂ}［他］投げる;投げ出す,まき散らす;（勢いよく無造作に）押しやる,突き出す
灯	lamp	basic	【化】灯油,ケロシン,=keroseno	lucern	pejvo	{Ｏ}つりランプ;《転》傑出した人物
当	lombard	pejvo	［他］質入れする	dej^or		【日】用番老中（ようばんろうじゅう）【私家版】
痘	variol	pejvo	{Ｏ}【病】天然痘,痘瘡（とうそう）	akn	basic	{Ｂ}にきび,吹き出物（ふきでもの）
橡	kverk	basic	{Ｂ}【植】ナラ（楢）,カシ（樫）,オーク;【植】コナラ属	glan	pejvo	{Ｏ}【植】カシの実,どんぐり;【解】亀頭
任	kapric	basic	気まぐれな,移り気な;予測できない	investitur	pejvo	［他］（儀式を伴って）任命する,>>enoficigi
猫	kat	basic	猫の,猫のような	felis	pejvo	【動】ネコ属（の動物）,>>kato
燃	brul	basic	燃えるような,燃焼の	fuel	pejvo	【技】【PIV】Solida, likva au^ gasa substanco el kiu, per kemia au^ fizika reakcio, energio est
粘	viskoz	pejvo	粘り気のある;【理】粘性の	muk	pejvo	{Ｏ}【生】（粘膜から分泌される）粘液
破	c^ifon		ぼろぼろの	romp	basic	{Ｂ}［他］破壊する,壊す,割る,折る,破る;断つ,断絶する;《転》（勇気・無関心などを）打ち破る,打ち砕く
背	parker	pejvo	{Ｏ}暗記して,暗記で	dors	basic	背の,裏の
肺	pneu^mon	pejvo	【医】【PIV】Pulmo (en kunmetaj^oj).	pulm	basic	肺の
倍	obl	suf	【数】倍数	ploid	piv	【生】【PIV】Nombro de homologaj serioj de la n kromosomspecoj de unu nukleo.
媒	medium	pejvo	霊媒の	svat	basic	{Ｂ}［他］（職業的に）結婚を仲介する,仲人する
博	erudici	pejvo	学識豊かな,博識の	doktor	basic	博士の
八	okta	piv	(語釈なし)	ok	num	第八の,八番目の
半	hemi	pejvo	(語釈なし)	semi	piv	(語釈なし)
卑	fi	pref	下劣な,いやらしい	trivial	pejvo	{Ｏ}野卑な,下卑た,卑俗な,低俗な,>>banala,>>vulgara
批	ratif	pejvo	［他］=ratifiki（批准する）	ratifik	pejvo	［他］【政】批准する
比	ol	func	(語釈なし)	proporci	basic	釣り合いのとれた;比例した
避	rifug^		{Ｂ}［自］避難する,逃げ込む,保護を求める;亡命する	evit	basic	{Ｂ}［他］避ける,回避する,
尾	vost	basic	尾の;《転》後尾の	kulas	pejvo	【軍】銃尾,砲尾,遊底,=postumo;【機】（内燃機関の）シリンダーヘッド
菱	romb	pejvo	{Ｏ}【数】菱形（ひしがた）;【魚】=rombofis^o（ヒラメの一種）	lozang^	pejvo	{Ｏ}（紋章の）菱形紋;（宝石の）菱形面;（ひし形の）糖衣錠,=pastelo;【数】=>rombo（菱形）
百	centezimal	pejvo	【数】百分法の,百進法の	cent	num	百番目の
豹	panter	pejvo	{Ｏ}【動】ヒョウ（豹）（種）=leopardo;ヒョウ（属）	leopard	pejvo	{Ｏ}【動】ヒョウ（豹）,=pantero
病	morb	pejvo	【医】症候群	pati	suf	【医】【PIV】Kn (Kolektiva nomo) de malsanoj, trafantaj la saman organon, funkcion ks (kaj simi
敏	prompt	piv	【PIV】Aganta, efikanta tuj, senprokraste, senhezite: prompta sendito; prompta repliko; vi, 	sagac	basic	{Ｂ}明敏な,賢明な,巧妙な,抜け目のない
富	ric^		{Ｂ}金持ちの,富んだ,裕福な;豪華な,高価な;豊かな,豊富な	oz	suf	【化】【PIV】Monosakarido; malofte uzata memstare, g^enerale en kunmetaj^oj por nomi: 1 monosak
怖	teror	pejvo	【政】テロル,テロ,組織的暴力	horor	pejvo	身の毛もよだつ,戦慄すべき
浮	pelag	piv	【生態】【PIV】Vivularo de la akvomaso de maro au^ de lago, sed ne de ties fundo. Vd bento, nekt	bu	pejvo	［他］【海】浮標を設置する
副	adverb	basic	{Ｂ}【Ｇ】副詞,>>e-vorto	akcesor	pejvo	{Ｏ}副の,副次的な,付随的な,>>flanka
福	beat	pejvo	至福の;【カ】福者の列に加えられた	elize	pejvo	エリジウムの;至福の,喜びに満ちた
腹	ventr	basic	腹の,腹部の	lapar	pejvo	【医】【PIV】Abdomeno (en kunmetaj^oj).
覆	mulc^	pejvo	［他］【農】（作物に）敷き藁を敷く,マルチングする	teg	basic	{Ｂ}［他］（布・皮などで）上張りする,覆いをする
物	aj^		物,事物,ものごと,>>objekto	objekt	basic	物体の
柄	ans	pejvo	（水差し・つぼ・引き出し・ドアなどの）取っ手,>>tenilo	stip	pejvo	{Ｏ}【植】ハネガヤ（羽茅）（属）;【植】（キノコやシダ類の）柄
壁	mur	basic	{Ｂ}壁,へい（塀）;壁状のもの;《転》障壁	pariet	pejvo	【機】内壁;【解】壁
募	kvest	piv	【PIV】(ntr (netransitiva)) Peti k kolekti monon, por religiaj au^ bonfaraj celoj: voje mi c	varb	basic	{Ｏ}［他］（会員などを）募集する;【軍】徴募する
蓬	vil	pejvo	毛で覆われた,毛むくじゃらの,けば立った	hirt	pejvo	{Ｏ}（毛の）逆立った,（髪の）乱れた
忘	amnezi	pejvo	【病】健忘症	forges	basic	{Ｂ}［他］忘れる,失念する;なおざりにする,おろそかにする
望	esper	basic	希望の	perspektiv	pejvo	{Ｏ}眺望,見晴らし,遠景;展望,見通し;【美】遠近法,透視図法
膨	ekspansi	pejvo	［自］【理】（気体が）膨張する,>>dilati	dilat	pejvo	［他］【理】膨張させる,>>ekspansii
墨	tuc^	pejvo	［他］墨でかく;（水彩で）薄く塗る,=lavumi	ink	basic	（万年筆などの）インクカートリッジ
朴	naiv	basic	{Ｂ}素朴な,無邪気な;うぶな,世間知らずの,愚直な	rustik	piv	【建】【PIV】Prezentanta simplan, ec^ krudan prilaboradon, kiu restigis multajn neregulaj^ojn, 
盆	basen	pejvo	{Ｏ}泉水,ため池;船溜まり;（川の）流域;【地理】盆地,=rondvalo	pelv	basic	{Ｏ}たらい,洗面器,水盤;【解】骨盤
幕	kulis	pejvo	{Ｏ}【劇】舞台裏;舞台の袖（そで）;《転》内幕,舞台裏	akt	basic	{Ｂ}【劇】幕;【法】証書
慢	adag^	pejvo	【楽】（速度標語）ゆるやかに	kronik	pejvo	【医】慢性の,><akuta
魅	fascin	pejvo	魅惑的な,魅了する	c^arm		{Ｂ}魅力的な,魅惑的な,かわいい
蜜	miel	basic	蜂蜜の,蜂蜜入りの;蜜のように甘い;《転》甘ったるい	nektar	pejvo	{Ｏ}【神】ネクタル（酒）;《転》甘露,美酒;【植】花蜜（かみつ）
矛	halebard	pejvo	{Ｏ}【軍】ほこやり（矛槍）	lanc	basic	{Ｏ}槍（やり）;銛（もり）;【遊】（将棋の）香車
明	morgau^		明日の;《転》将来の	eksplicit	pejvo	明示された,=malimplicita
迷	zelot	pejvo	《転》熱心なファン,（サッカーの）サポーター【私家版】	superstic^		迷信的な,迷信深い
模	model	basic	模範的な	s^ablon	pejvo	ひな型の,型から作った;紋切型の,月並みの
盲	anopsi	piv	【医】【PIV】Perdo de la vido.	blind	basic	{Ｂ}盲目の;《転》盲目的な（差別的表現なので避けるべき）,=>senkritika,=>malprudenta
目	okul	basic	目の	oftalm	pejvo	【解】【PIV】Okulo 1.
役	kampanj	pejvo	［自］キャンペーンを張る	servut	pejvo	賦役の,農奴労働の
柳	vimen	pejvo	【植】タイリクキヌヤナギ（大陸絹柳）（種）;《般》（柔らかい）柳の枝	salik	basic	{Ｂ}【植】ヤナギ（柳）（属）
愈	des	basic	(語釈なし)	konvalesk	piv	【医】【PIV】Transiro de la malsana al la sana stato.
勇	kurag^		{Ｂ}勇気ある,勇敢な,度胸のある,元気な	brav	basic	{Ｂ}勇敢な,勇ましい,りりしい;実直な,律義な;りっぱな
幼	neoten	piv	【生】【PIV】Konservanta larvajn au^ junecajn karakterojn, kvankam kapabla sin reprodukti: akso	jun	basic	{Ｂ}若い,年の若い,年少の,幼い
容	kapacit	pejvo	【理】容量,容積;【電】電気容量	mien	basic	［自］顔つきをしている;（〜のように）見える,>>aspekti
翼	plane	pejvo	【空】翼板,翼（よく）	al	prep	（飛行機の）翼（つばさ）,（プロペラ・風車の）羽根,（建物・陣形の）翼（よく）;【解】鼻翼,小鼻
落	decidu	piv	【植】【動】【PIV】Defalema.	fal	basic	{Ｂ}［自］落ちる,落下する;倒れる,転ぶ;降る;《転》滅びる
酪	krem	basic	クリーム入りの;クリーム状の	fromag^		{Ｂ}【料】チーズ
李	prunus	pejvo	【植】【PIV】G. (Genro) (Prunus el rozacoj) de falfoliaj k dau^rafoliaj arboj k arbustoj kun si	prun	basic	{Ｂ}【果】西洋すもも,すもも（李）,プラム
率	procent	basic	{Ｂ}パーセント,=elcento;利率,利回り;利息,利子,=interezo	susceptibl	pejvo	【理】磁化されうる
力	potenc	basic	強力な,威力のある;有力な,権力のある,強大な	dinamik	pejvo	力学の,動的な
露	ros	basic	［自］（無主語）露がおりる	ekshibici	piv	【PIV】Emo sin montri, aparte en erotika situacio: en la normala seksa vivo la ekshibicio lu
老	senil	pejvo	【病】老人性認知症	veteran	basic	老練な,長く経験を積んだ,ベテランの
湾	sinu	piv	【PIV】C^iu el la kurbaj^oj, fleksoj de vojo, rivero ks (kaj simile, kaj similaj): (f (figur	golf	basic	ゴルフクラブ
舒	komfort	basic	{Ｂ}快適な,心地よい,安楽な	diastol	pejvo	【医】拡張期血圧,=malsupra premo
佛	buda	pejvo	【仏】=Budho（仏陀）	budh	basic	仏像
假	fint	pejvo	［自］牽制する,フェイントをかける,>>s^ajnigi	feri	basic	休日の
刮	rugin	piv	【医】【PIV】Kirurgia skrapilo, uzata precipe por disigi la perioston disde la osto.	skrap	basic	{Ｂ}［他］削り取る,かき落とす,こそげる;きいきい鳴らす
辨	disting	basic	他との区別を示す,特有の;示差的な	diskrimin	piv	【PIV】(ntr (netransitiva)) 1 Distingi inter pluraj kazoj. 2 Distingi inter pluraj frekvenco
听	au^skult		{Ｂ}［他］聴く,耳を傾ける,傾聴する	au^d		聴覚の
咏	c^ant	pejvo	【楽】【PIV】Formo de kantado uzata por psalmoj k kantikoj: gregoria, anglikana c^anto. Vd neu^	psalm	pejvo	［他］【カ】（詩篇を）詠唱する;単調に歌う
咒	anatem	pejvo	［他］【宗】（教会が公式に）のろう,破門する	envult	pejvo	［他］（相手をかたどった人形で）呪いをかける
啼	grak	pejvo	［自］（カラスなどが）カアカア鳴く,>>bleki;（痰を出そうとして）のどを鳴らす	kokerik	pejvo	［自］（雄鶏が）コケコッコと鳴く
嗅	flar	basic	{Ｂ}［他］（においを）感じる;嗅ぐ;嗅ぎ分ける	olfakt	piv	【生】【PIV】Flarsenso.
噪	kakofoni	piv	【PIV】1 Kunmeto de sonoj, silaboj au^ vortoj, kies senharmonio vundas la orelon (ekz. (ekze	bru	basic	騒がしい
圈	boben	pejvo	［他］（巻枠に）巻取る	cirk	pejvo	{Ｏ}サーカス小屋;【史】（古代ローマの）円形競技場;【地理】圏谷（けんこく）,カール
堡	fuort	pejvo	【軍】砦（とりで）,堡塁（ほうるい）,=fortikaj^eto	burg	piv	【史】【PIV】Mezepoka fortikigita kastelo.
夸	bombast	pejvo	誇張した,大げさな	fanfaron	basic	{Ｂ}［自］空威張りする,大言壮語する,ほらを吹く,>>bombasti
孕	koncip	pejvo	［他］（子を）はらむ,妊娠する,>>gravedig^i	graved	basic	{Ｂ}妊娠した;《転》はらんだ
屎	merd	piv	【PIV】(fm (familiara, familiare)) 1 Fekaj^o. 2 (f (figurasence)) Malbonegaj^o.	kak	pejvo	《Ｎ》［自］うんちをする（幼児語）,>>feki
巫	s^aman	pejvo	【宗】シャーマン	mag	pejvo	【史】マギ（古代ペルシャの祭司）;（古代の）占星術師
并	paralel	basic	【数】平行の;並列の,平行する;【電】並列の;【情】パラレルの,>>seria	aneks	pejvo	{Ｏ}［他］【政】併合する;添付する
揉	tau^z	pejvo	［他］（髪など）かき乱す,かきむしる,かき回す,もみくしゃにする;《転》小突き回す,痛めつける	kned	basic	{Ｂ}［他］（穀粉・粘土を）こねる,練る;もむ;《転》（性格などを）鍛える
框	fram	pejvo	{Ｏ}【機】フレーム,枠;【建】骨組,>>c^asio,>>kadro	kadr	basic	【情】けい（罫）線
棕	palm	basic	{Ｂ}【植】ヤシ（椰子）,シュロ（棕櫚）（ヤシ科の植物の総称）	arek	piv	【植】【PIV】G. (Genro) (Areca el arekacoj) de dau^ra-au^ duondau^ra-foliaj, monoikaj arboj (pa
椒	pipr	basic	［他］こしょうをきかせる	piper	piv	【植】【PIV】G. (Genro) (Piper el piperacoj) de plantoj - arbetoj, arbustoj, lianoj k herboj - 
榴	punik	piv	【植】【PIV】G. (Genro) (Punica el punikacoj) de 2 sp-oj (specioj) de trunkarbustoj el SE Eu^ro	granat	pejvo	{Ｏ}【果】ザクロ
檐	vizier	pejvo	{Ｏ}（帽子の）ひさし;（かぶとの）まびさし（眉庇）;（洋式かぶとの）面ぼお	kornic	pejvo	カーテンレール
淤	kongest	pejvo	鬱血した	aluvi	pejvo	【地理】沖積平野
炮	kanon	sci	［他］砲撃する	petard	pejvo	［自］爆竹を鳴らす
瓣	klap	pejvo	【機】蝶形弁	petal	pejvo	{Ｏ}【植】花弁,花びら,=korolfolio
碎	frakas	basic	{Ｂ}［他］音をたてて打ち砕く,ガラガラと壊す;《転》撃破する,打ちのめす	fragment	pejvo	断片的な;ばらばらの
窗	fenestr	basic	窓台,窓敷居	gic^et		{Ｏ}（受付などの）窓口;切符売り場
罐	amfor	pejvo	{Ｏ}アンフォラ（つぼ）	bokal	pejvo	（首の短い）広口びん,ジャー
翅	pter	sci	(語釈なし)	pterig	pejvo	【動】【PIV】Permuskole movata flugilo de animalo.
耙	rast	pejvo	{Ｏ}［他］（熊手などで）かく,かき集める;かきならす;【軍】徹底的に捜索する,掃討する	erp	pejvo	{Ｏ}［他］【農】まぐわでならす
胚	embri	pejvo	胎児の;【生】胚の;《転》萌芽的な	blast	piv	【生】【PIV】Fundamenta embria c^eltavolo.
胖	korpulent	pejvo	太った,肥満体の	obez	pejvo	【魚】メバチ（マグロ）（種）
臀	grop	piv	【動】【PIV】1 La posta parto de c^evalo, bovo, birdo ks (kaj simile, kaj similaj), etendig^ant	pug	pejvo	=postaj^o（尻）
荐	rekomend	basic	推薦の	sakr	pejvo	［自］ののしる,悪態をつく,>>blasfemi
蚌	mitul	pejvo	{Ｏ}【貝】イガイ（貽貝）（属）,ムール貝	ostr	pejvo	{Ｏ}《般》カキ（牡蠣）;【貝】イタボガキ（板甫牡蠣）（属）
蝠	filostom	piv	【動】【PIV】G. (Genro) (Phyllostomus) de mamuloj el la ordo de vespertuloj, vivantaj en tropik	vespertilion	piv	【動】【PIV】G. (Genro) (Vespertilio) de mamuloj el la ordo de kiropteroj kun relative mallonga
蝗	lokust	pejvo	【虫】トノサマバッタ（属）,>>akrido;飛蝗（ひこう）	akrid	basic	{Ｂ}（一般に）バッタ（蝗虫）;【虫】ショウリョウバッタ（属）,>>lokusto,>>saltulo,>>rizakrido
蠕	peristalt	piv	【生】【PIV】Nevola muskola kontrahig^o, okazanta en tuboformaj organoj, movig^anta de supre ma	helmint	piv	【動】【PIV】Kn (Kolektiva nomo) de vermoj, kies plimulto parazitas en vertebruloj (inkl. (inkl
衫	c^emiz		{Ｂ}【服】シャツ,ワイシャツ;シュミーズ,>>tolaj^o	bluz	basic	{Ｂ}【服】ブラウス;上っ張り,仕事着;ジャンパー,ブルゾン
辣	kapsik	pejvo	【料】チリソース	kajen	pejvo	【料】（粉末状の）唐辛子（とうがらし）,>>kapsiko
醋	vinagr	pejvo	酢の,すっぱい;《転》気むずかしい,不機嫌な	acet	pejvo	【化】=acetilo（アセチル基）
雹	hajl	basic	［自］（無主語）あられが降る,ひょうが降る	grajl	pejvo	［自］（無主語）あられが降る
勒	brid	basic	［他］（馬に）馬勒（ばろく）をつける;《転》手綱を締める,抑制する	string	pejvo	［他］締めつける,握りしめる,抱きしめる,=c^irkau^premi,=c^irkau^strec^i
韵	rim	basic	［他］押韻する	asonanc	pejvo	［他］【文】母音で押韻する
髓	medol	pejvo	髄の,骨髄の,髄質の	mjel	pejvo	【解】脊髄（せきずい）,=spina medolo
炫	parad	pejvo	閲兵式の;パレードの;誇示の,見せびらかしの	bravur	piv	【楽】【PIV】Tre brila stilo au^ ludmaniero: bravura peco; ludi la adag^on kun bravuro.
产	produkt	basic	生産工程	akus^		出産の
仓	magazen	basic	{Ｂ}（商品などの）倉庫;大商店,百貨店;（銃の）弾倉,（カメラの）マガジン	sil	pejvo	【農】サイロ,貯蔵庫
份	da	prep	(語釈なし)	porci	basic	{Ｂ}分け前,割当て,配給量;（料理の）一人前
伤	lez	pejvo	損傷の	vund	basic	傷の,けがの
偷	marod	pejvo	［他］（作物を）畑から盗む,（家禽を）農家から盗む	s^tel		盗んで;こっそりと,ひそかに
兰	orkid	pejvo	【植】ハクサンチドリ（属）,オルキス;【解】精巣,睾丸（こうがん）,=testiko	orkide	pejvo	{Ｏ}《般》【植】ラン（蘭）（科の総称）
农	agr	pejvo	農地,=kultivata kampo	agrikultur	pejvo	農業経済,=terkultiva ekonomio
剑	spad	pejvo	{Ｏ}（細身の長くとがった）剣	glav	basic	{Ｂ}刀,剣;《転》剣（武力・暴力・権威の象徴）
协	kooperativ	basic	協同組合の	kooper	pejvo	協同の,=kunlabora;協同組合の,=kooperativa
发	emisi	pejvo	【経】発行の,振出の;【理】放出の,放射の	lanc^		{Ｏ}［他］放つ,発射する;世に送り出す;【海】進水させる;【情】（プログラムを）起動する,立ち上げる
吞	fag^	piv	【生】【PIV】Mll de bakteriofag^o.	glut	basic	{Ｂ}［他］飲み込む,飲み下す;《転》飲み込む,むさぼる
吨	tonel	pejvo	{Ｏ}【海】（船の）容積トン（2.83ｍ3）	tun	basic	{Ｂ}【単】トン（1t=1000kg）
启	inspir	basic	{Ｂ}［他］（思想・感情を）吹き込む,鼓吹する,抱かせる;霊感を与える	revelaci	pejvo	天啓宗教
员	komiz	pejvo	{Ｏ}店員,社員,銀行員	membr	basic	{Ｂ}会員,一員,構成員,メンバー;（構成）要素,部分;【解】肢（手または足）;（人・動植物の）体の一部器官（肢，手，足，脚，舌，翼，羽，枝，葉，茎，根など）
哼	ronk	basic	{Ｂ}［自］いびきをかく;ごうごううなる,>>grunti	grunt	pejvo	［自］（ブタのように）ブーブー鳴く,>>bleki
啃	rod	pejvo	［他］=>rong^i（かじる）	rong^	pejvo	{Ｏ}［他］かじる,=mordeti
啪	knal	piv	【PIV】(ntr (netransitiva)) Brui kiel vipo, krevanta baloneto, pafo ks (kaj simile, kaj simi	krak	pejvo	{Ｏ}［自］（ぱちぱち・ぴしり・ぽきん・めりめり）乾いた音を立てる
喻	trop	pejvo	{Ｏ}【修】言葉のあや,（語の）転用,比喩,=vortfiguro	metafor	pejvo	隠喩の,比喩の
嚎	hurl	pejvo	［自］（オオカミ・犬が）ほえる,遠吠えする,>>ululi	ulul	pejvo	［自］（狼のように長く不吉な）遠吠えをする;（梟などが）ほうほうと鳴く;（サイレンなどが）うなる
囤	stapl	pejvo	［他］倉庫に集積する,置場に積む	akapar	pejvo	{Ｏ}［他］買占める,=forac^eti;独占する
园	g^arden		庭園の	park	basic	［他］【車】駐車させる
围	c^irkau^		周囲の,周辺の;およその	sieg^	pejvo	包囲の,攻城の
圣	sakral	piv	【PIV】Apartigita for de la komuna uzado pro religia karaktero, k inspiranta respektoplenan 	sankt	basic	{Ｂ}【宗】神聖な,聖なる;《転》尊重すべき,神聖不可侵の
坛	altar	pejvo	{Ｏ}祭壇	forum	basic	{Ｏ}フォーラム（公開討論の場）;【史】フォーラム（古代ローマの公共広場）
垛	krenel	pejvo	銃眼のついた;【植】（葉の縁が）鈍鋸歯状の	stak	pejvo	いなむら（稲叢）;（物を積んだ）山;【情】スタック
壶	kruc^		{Ｂ}（取っ手のついた）水差し,ポット,やかん	pot	basic	{Ｂ}つぼ,はち,ポット,なべ,>>terpoto
宫	palac	basic	{Ｂ}宮殿,御殿,大邸宅	uter	pejvo	子宮の
寻	klaft	pejvo	{Ｏ}【史】両手を広げた長さの単位（約1.8〜2.1m）,尋（ひろ）	serc^		{Ｂ}［他］捜す,捜索する,探す,探索する;求める,探し求める,追求する
师	majstr	basic	巨匠の,親方の;大家にふさわしい,傑出した,巧みな	divizi	pejvo	{Ｏ}【軍】師団;【植】（分類学上の）門,>>klaso
恶	malic	basic	{Ｂ}悪意の,意地悪な,邪悪な,腹黒い	malign	pejvo	【医】悪性の,><benigna
恼	irit	basic	［他］いらだたせる;【医】刺激する	c^agren		悩ましい
惯	rutin	pejvo	型どおりの,慣例に従った,旧弊な	inerci	pejvo	【理】慣性の;《転》惰性の
执	ekzekut	basic	{Ｂ}［他］死刑を執行する,処刑する	ekzekuci	pejvo	［他］【法】強制執行する
扫	skan	pejvo	{Ｏ}［他］探査する,走査する;【情】スキャンする	bala	basic	{Ｂ}［他］掃く;【理】走査する
拟	mimik	pejvo	［他］身ぶりや表情で表現する;まねをする	simul	pejvo	［他］【医】（病気の）ふりをする;【学】シミュレートする,模擬実験をする
拧	vring	pejvo	［他］=premtordi（絞る）	tord	basic	撚った,曲がりくねった,=tordita
拼	ortografi	basic	{Ｂ}【Ｇ】正書法,正字法;（個々の）綴り（つづり）	parget	pejvo	［他］【建】寄せ木張りにする
换	permut	pejvo	［他］〜の順序を入れ替える,並べ換える,置換する	komut	pejvo	［他］【電】（電流の）方向を転換する;【鉄】（線路を）切り替える;【数】交換する
敌	rival	pejvo	［自］張り合う,競争する,対抗する	advers	pejvo	=kontrau^aga（敵対している）
杂	divers	basic	{Ｂ}いろいろな,さまざまな,多種多様な	hibrid	pejvo	雑種の;《転》混成の
构	struktur	basic	構造の,構造上の	instituci	pejvo	{Ｏ}施設,機関;【政】制度
枪	pistol	pejvo	{Ｏ}ピストル,拳銃,>>revolvero;（塗装用の）スプレーガン	fusil	pejvo	［自］小銃を撃つ
栅	hurd	pejvo	［他］すのこを張る	krad	basic	格子の;格子の付いた
樱	meriz	pejvo	{Ｏ}【果】サクランボ（の実）,=dolc^a c^erizo	c^eriz		{Ｂ}【果】サクランボ,>>merizo
氮	azot	pejvo	{Ｏ}【化】窒素（の古い呼称）,=nitrogeno	nitr	sci	［略］【化】=nitrogeno（窒素）
污	makul	basic	しみのついた;斑点のある	polu	sci	［他］【環】（環境を）汚染する
浆	morter	pejvo	［他］【建】モルタルを塗る	plasm	pejvo	【解】血漿（けっしょう）;【生】原形質;【理】プラズマ
涂	s^mir		{Ｂ}［他］（油などを）塗る,塗布する;（機械などに）グリースを塗る,油を差す,>>lubriki;《転》買収する	stuk	pejvo	{Ｏ}［他］漆喰（しっくい）を塗る
渴	aspir	pejvo	{Ｏ}［他］熱望する,あこがれる	soif	basic	のどの渇いた;渇望している
炼	kupel	piv	【化】【PIV】(tr (transitiva)) Apartigi per varmigado oron au^ arg^enton disde la malpuraj^oj, 	afinaci	piv	【技】【PIV】(tr (transitiva)) Purigi likvan metalon.
烦	agac	pejvo	神経を刺激する,いらだたせるような	ted	basic	うんざりするような,くどい,つまらない,退屈な
烧	kalcin	pejvo	［他］【化】か焼する	febr	basic	高熱の,熱病の;熱狂した,熱中した
烫	glad	basic	{Ｂ}［他］アイロンをかける	brog	pejvo	{Ｏ}［他］熱湯をかける;【料】湯がく,湯引く;（熱湯で）やけどさせる
焊	lut	pejvo	{Ｏ}［他］ハンダ付けする,鑞付けする,>>veldi	veld	pejvo	［他］【機】溶接する,>>luti
猎	c^as		{Ｂ}［他］狩る,狩り立てる;《転》追い求める	pred	pejvo	［他］=c^asakiri（獲物にする）
疗	terapeu^tik	pejvo	=terapia（治療に関する）	terapi	sci	療法の,治療に関する
疮	ulcer	pejvo	潰瘍の,潰瘍性の	aft	pejvo	【病】（牛などの）アフタ熱,口蹄疫（こうていえき）
监	monitor	pejvo	［他］【機】モニタリングする	gvat	pejvo	［他］様子をうかがう,見張る,>>observi
盔	helm	piv	【史】【PIV】Kasko mezepoka.	kask	pejvo	{Ｏ}ヘルメット,鉄帽;【史】兜（かぶと）
矾	vitriol	pejvo	{Ｏ}《古》【化】礬（ばん）（重金属の硫酸塩）,=sulfato;《般》濃硫酸	alun	pejvo	{Ｏ}【化】ミョウバン
碳	karbur	pejvo	［他］（内燃機関の燃料を）気化する;【化】（金属を）浸炭処理する	karbon	basic	【環】炭素循環;【天】炭素サイクル
离	repudi	pejvo	［他］【法】（一方的に）離縁する,=eksedzigi,=eksedzinigi	for	func	はるかな,遠く離れた
积	kumulus	pejvo	【気】積雲	volumen	basic	体積の;かさの高い,かさばる
稳	aplomb	pejvo	自信に満ちて,落ち着き払って,沈着冷静に;図々しく	stabil	basic	{Ｏ}安定した,永続する;【理】安定な,>>metastabila,>>nestabila,>>labila
窝	fove	piv	【解】【PIV】(fovea) Termino por kavetoj: centra foveo (de la retino); foveo de la femurosta ka	ricel	pejvo	［他］【法】（盗品などを）隠匿する,故買する,>>kas^i
红	skarlat	pejvo	緋色の,深紅色の	rug^		{Ｂ}赤い,>>skarlata,>>punca,>>roza;《転》左翼の
纤	fibr	sci	{Ｏ}繊維;【医】線維	gracil	pejvo	（病的に）か細い,きゃしゃな,>>svelta
纬	veft	pejvo	［他］横糸を通す	latitud	basic	{Ｂ}【地理】緯度,>>longitudo
纱	vual	basic	［他］ベールをかける,覆いをかける;《転》覆い隠す	gaz	pejvo	薄織りの,薄地の;ガーゼの
组	kompon	basic	{Ｂ}［他］（芸術作品を）構成する,創作する;【楽】作曲する	op	suf	連れだった
经	varp	pejvo	［他］【織】縦糸をそろえる,整経する	bibli	basic	【キ】聖書注解
绒	plus^	pejvo	{Ｏ}【織】フラシ天,プラッシュ,>>veluro	velur	basic	ビロードの,ビロードのような
绞	vinc^	pejvo	【機】ウィンチ,巻揚げ機	strangol	pejvo	{Ｏ}［他］首を絞める,絞め殺す,=premsufoki
续	dau^r		継続的な,長続きする;耐久性の;【声】継続音の	kontinu	sci	{Ｏ}連続的な,継続した,切れ目のない;【数】連続な;【電】直流の
缆	kabl	pejvo	ケーブルテレビ	tiravir	piv	【PIV】S^nuro duige faldita, alligita c^e la supro de deklivaj^o, k servanta por rule supren
缎	saten	pejvo	{Ｏ}【織】サテン,繻子（しゅす）	damask	pejvo	{Ｏ}【織】ダマスク織,どんす（緞子）
缘	border	pejvo	{Ｏ}［他］縁取る	afin	piv	【PIV】1 Prezentanta similecojn de strukturo, humoro, karaktero ks. 2【植】【動】Sistematike paren
缝	steb	pejvo	{Ｏ}［他］ミシンで縫う,合わせ縫いする	kudr	basic	【印】糸綴じの（製本）
缠	implik	basic	込み入った,複雑な	obsed	pejvo	（観念が）頭から離れない
罚	pun	basic	罰の,懲罰の,刑罰の	penal	pejvo	【運】ペナルティーキック
肾	nefr	piv	【解】【医】【PIV】Reno (precipe en kunmetaj^oj).	ren	basic	腎臓の
脓	pus	basic	うみの;化膿した,うんだ	pio	piv	【医】【PIV】Puso (en kunmetaj^oj): piobacilozo, pionefrito, piosalpingito ktp (kaj tiel plu).
茧	kokon	pejvo	{Ｏ}【虫】繭（まゆ）;（クモの）卵嚢（らんのう）	kal	basic	たこのできた,ごつごつした
训	trejn	basic	訓練の,練習の;養成の	instrukci	pejvo	［他］指令を与える,訓令を発する
讽	karikatur	basic	漫画のような,戯画化した	sarkasm	pejvo	辛辣な,嫌みな,皮肉たっぷりの
诈	artifik	pejvo	策略による,ごまかしの	frau^d	pejvo	【法】詐欺破産
语	idiom	pejvo	{Ｏ}固有言語	lingv	basic	言語の
诲	katekiz	pejvo	{Ｏ}［他］【キ】（教理を）問答で教える	kateh^iz	pejvo	{Ｏ}［他］=katekizi（問答で教える）
谨	skrupul	pejvo	良心的な,気の小さい,慎重な;細心の,綿密な,きちょうめんな	diskret	pejvo	{Ｏ}口の堅い;控え目な,慎み深い;目立たない
贡	tribut	pejvo	［他］貢ぐ,貢納する,朝貢する	kontribu	basic	{Ｏ}［自］寄与する,貢献する;［他］寄付する,寄稿する
责	riproc^		とがめるような	respons	pejvo	=respondeca（責任のある）
败	defet	piv	【PIV】(ntr (netransitiva)) Kredi sin au^ sian partion venkota.	fiask	basic	［自］大失敗する,完全にしくじる
贬	devalut	pejvo	［他］【経】（通貨の）平価を切下げる	deprec	piv	【PIV】(tr (transitiva)) Redukti la merkatvaloron de varo au^ de valuto, esprimitan en unu a
贴	afrank	basic	{Ｂ}［他］切手を貼る,郵便料金を払う	afis^		［他］（貼り紙で）掲示する;【情】（メーリングリストなどに）投稿する
费	kost	basic	高価な	premium	piv	【PIV】Monsumo, difinita en la poliso k periode pagenda de la asekurato al la asekuranto. Vd
资	burg^		中産階級の,ブルジョアの	kapital	basic	{Ｂ}【経】資本;資本金,資金;《転》資本,元手
赏	gratifik	pejvo	［他］（特別手当として）与える	aprez	pejvo	［他］真価を認める,高く評価する,>>s^ati;鑑賞する,>>gustumi
赛	turnir	pejvo	［自］トーナメントに参加する,試合をする,勝負する	matc^		［自］試合をする
跷	stilz	pejvo	（〜j）竹馬,=pas^stango,=stangirilo	baskul	pejvo	シーソー式の,はね構えの
轧	laminat	pejvo	［他］【機】（金属を）圧延する	grinc	basic	{Ｂ}［自］きしむ
轮	verticil	piv	【植】【PIV】Aro, almenau^ triopo, de folioj, floroj au^ aliaj plantaj organoj radiantaj el la 	rad	basic	車輪の;車輪のついた
轴	s^aft	pejvo	【機】軸,シャフト,心棒,>>akso	aks	basic	{Ｂ}軸,軸線;【植】軸;【数】軸;【天】自転軸;【理】光軸;【政】枢軸;《転》中軸
较	kompar	basic	比較の	komparativ	pejvo	{Ｏ}【Ｇ】比較級
迁	migr	basic	移動の,遍歴の;移動性の	emigr	piv	【PIV】(ntr (netransitiva)) Elmigri pro politika kau^zo.
还	ankorau^		【PIV】Okazanta ankorau^ en la priparolata momento au^ denove: la ankorau^a diskutado.	plu	func	なおその上の,さらなる,その後の
邮	filatel	basic	切手収集,郵趣	pos^t		郵便の
钝	obtuz	pejvo	{Ｏ}（音・痛みなどが）鈍い,はっきりしない;【数】鈍角の	hebet	piv	【医】【PIV】Trafita de hebeteco.
钟	horlog^		{Ｂ}時計;柱時計,大時計	hor	basic	一時間あたりの;時間に関する
钠	natri	elem	【化】重曹,重炭酸ナトリウム（＝炭酸水素ナトリウム）	natr	pejvo	【化】ソーダ石灰
钱	sold	pejvo	{Ｏ}【史】スー（フランスの旧通貨）;（軍人の）俸給	mon	basic	金銭の,通貨の
钳	tenajl	pejvo	［他］ペンチではさむ	h^elicer	piv	【動】【PIV】La unua para membro c^e merostomoj k araneoidoj, plej ofte tre mallonga k kun pren
铁	fero	pejvo	【地名】フェロー諸島（北大西洋北東部）**Fero/oの追加	fer	basic	鉄の,鉄製の;《転》（鉄のように）強固な,厳格な,厳しい
银	bank	basic	銀行口座	arg^ent		銀の,銀色の
铺	stern	basic	{Ｂ}［他］敷く,敷き広げる;横たえる,なぎ倒す;《転》広げる,繰り広げる	pavim	pejvo	［他］【建】舗装する
链	katen	basic	［他］鎖につなぐ,かせをかける;《転》束縛する,拘束する	c^en		鎖状の;連鎖した
销	debit	pejvo	［他］売りさばく,小売りする	stift	pejvo	［他］くさび栓で留める
锁	serur	basic	{Ｂ}錠,錠前,>>s^losilo	s^los		{Ｂ}［他］鍵をかける;《転》封じる,閉ざす
锈	rust	basic	［自］さびている;さびる	ured	piv	【植】【PIV】1 Eksa formgenro (Uredo), nomenklature ne legitima. 2 Grupo de neperfektaj uredalo
锐	akut	pejvo	{Ｏ}【数】鋭角の;【病】急性の,><kronika;【楽】高音の	akr	basic	{Ｂ}鋭い
锥	piramid	pejvo	ピラミッド状の	konus	pejvo	円錐の,円錐形の
镑	pund	pejvo	{Ｏ}【貨】ポンド（イギリス）,=100 pencoj;ポンド（エジプト・シリアなど）,=100 piastroj	sterling	pejvo	【貨】英ポンドの
长	long	basic	{Ｂ}（空間的・時間的に）長い;【声】長音の	kapitan	pejvo	{Ｏ}【海】船長;【運】（チームの）キャプテン,主将;【軍】（陸軍・空軍の）大尉,中隊長;（海軍の）大佐,艦長
门	filum	piv	【生】【PIV】Sistematika unuo (phylum) ampleksanta parencajn klasojn, kun rango inter subregno 	pord	basic	{Ｂ}戸口,入り口;戸（と）,扉（とびら）,ドア
隐	marabut	piv	【イスラム】【PIV】Asketa ermito.	ermit	pejvo	【宗】隠遁（いんとん）生活
颁	dekret	pejvo	［他］【政】（政令を）発令する,布告する	promulg	piv	【法】【PIV】(tr (transitiva)) Oficiale konstati la ekziston de leg^o akceptita de la leg^odona
预	anticip	pejvo	前もって	predikt	pejvo	【Ｇ】将然の,未然の
颈	kol	basic	【地名】コラ半島（ロシア）	cervik	pejvo	【解】頸部（けいぶ）
颠	tang	pejvo	［自］【海】縦揺れ（ピッチング）する,>>rulig^i;【楽】タンゴを踊る	atrop	piv	【植】【PIV】G. (Genro) (Atropa el solanacoj) de 4 plurjaraj plantoj hejmaj de U Eu^ropo g^is H
饱	satur	pejvo	{Ｏ}［他］【理】【化】飽和させる;充満させる,たっぷり満たす	sat	basic	{Ｂ}満腹した,食い足りた;《転》満ち足りた
马	onagr	piv	【動】【PIV】Sp. (Specio) de ekvo (Equus onager, sin. (sinonimo (de latinscienca nomo)) E. kula	c^eval		{Ｂ}【動】ウマ（馬）;【遊】（チェスの）ナイト,（将棋の）桂馬
骑	kavaleri	pejvo	{Ｏ}【軍】騎兵隊;【経】融通手形	rajd	basic	馬に乗って;馬乗りに
鲤	karp	basic	{Ｂ}【魚】コイ（鯉）	ciprin	pejvo	【動】コイ（属）,>>karpo
鲸	cetac	pejvo	【動】クジラ類,>>baleno,>>makrocefalo	balen	basic	{Ｏ}【動】クジラ;セミクジラ
鸡	galin	piv	【動】【PIV】G. (Genro) (Gallus) de birdoj, al kiu apartenas i.a. (interalie, inter aliaj) la k	kok	basic	{Ｂ}【鳥】ニワトリ（鶏）;【生】=mikrokoko（球菌）
鸥	lar	pejvo	【鳥】カモメ（属）,>>mevo	mev	basic	{Ｏ}【鳥】カモメ（鴎）（科）
齿	dental	pejvo	【声】歯音（しおん）,=dentosono	dent	basic	歯の;歯のついた
