sig	r	rk	rb	y	yk	yb
>>	abak	算盘	pejvo	sor	腾	pejvo
>>	abdik	退位	pejvo	demisi	辞	pejvo
>>	abdik	退位	pejvo	eks	旧	pref
>>	abnegaci	弃	pejvo	for	离	func
>>	abnegaci	弃	pejvo	sin	怀	basic
>>	abolici	废	pejvo	nul	零	basic
>>	abon	订	basic	rezerv	储	basic
>>	abon	订	basic	ant	在	suf
>>	abrupt	陡	basic	subit	突	basic
>>	abrupt	陡	basic	ne	不	func
>>	absces	脓肿	pejvo	tumor	瘤	pejvo
>>	absces	脓肿	pejvo	ulcer	疮	pejvo
>>	absces	脓肿	pejvo	pus	脓	basic
>>	absolut	绝	basic	sen	无	prep
>>	absolut	绝	basic	perfekt	完	basic
>>	absolut	绝	basic	nepr	必	basic
=	ad	行	suf	da	份	prep
=	adher	附	pejvo	alg	藻	basic
=	adiant	铁线草	pejvo	har	毛	basic
>>	adici	加	basic	ald	中音	pejvo
=	adjekt	状	pejvo	cirkonstanc	况	basic
>>	adjunkt	助	pejvo	asist	辅	basic
=	adolt	成	pejvo	plen	满	basic
=	advers	敌	pejvo	kontra	反	piv
>>	afekci	情	pejvo	efik	效	basic
=	afekci	情	pejvo	sent	感	basic
=	afekci	情	pejvo	mal	反	pref
>>	afer	事	basic	negoc	贸	pejvo
=	afid	虫	pejvo	plant	植	basic
>>	agl	雕	basic	akcipitr	鹰	pejvo
=	agreg	聚	pejvo	kun	共	prep
=	agrikultur	农	pejvo	ter	地	basic
>>	agrikultur	农	pejvo	bred	养	basic
=	agr	农	pejvo	kultiv	栽	pejvo
=	ajl	蒜	basic	tub	管	basic
=	akapar	囤	pejvo	for	离	func
>>	akar	虫	pejvo	ik	学	pejvo
>>	akcel	促	basic	pli	更	func
>>	akcesor	副	pejvo	flank	侧	basic
>>	akir	获	basic	gajn	赢	basic
>>	akrid	蝗	basic	salt	跳	basic
>>	akrid	蝗	basic	riz	米	basic
>>	aksiom	公理	pejvo	postul	求	basic
=	akumulator	蓄电	pejvo	akumul	累	pejvo
=	ald	中音	pejvo	kontralt	女低	pejvo
>>	almanak	历书	pejvo	kalendar	历	basic
>>	almanak	历书	pejvo	jar	年	basic
>>	alt	高	basic	larg	宽	piv
>>	alt	高	basic	long	长	basic
>>	alveol	槽	pejvo	dent	齿	basic
>>	ambl	踱	pejvo	galop	驰	pejvo
>>	ambl	踱	pejvo	trot	小跑	pejvo
>>	amortiz	偿	pejvo	atenu	衰	pejvo
=	amplif	扩	pejvo	amplifik	增幅	pejvo
=	anagal	草	pejvo	kamp	田	basic
>>	analog	似	pejvo	cifer	数	basic
=	anc^ov	鱼	pejvo	en	内	prep
=	anemi	贫血	pejvo	sang	血	basic
>>	angi	脉	pejvo	limf	淋	pejvo
=	anhel	喘	pejvo	spire	木	piv
>>	ans	柄	pejvo	teni	条虫	pejvo
>>	apelaci	上诉	pejvo	al	向	prep
>>	apendic	虫垂	pejvo	cekum	盲肠	pejvo
>>	aperitiv	开胃酒	pejvo	digest	消	basic
>>	apert	开	pejvo	mal	反	pref
=	apopleksi	卒中	pejvo	cerb	脑	basic
>>	aprez	赏	pejvo	gust	味	basic
>>	arakid	花生	pejvo	tern	喷	basic
>>	araknoid	蛛膜	pejvo	dur	硬	pejvo
>>	argil	粘土	pejvo	pot	壶	basic
>>	arkipelag	群岛	pejvo	insul	岛	basic
=	ark	弧	basic	paf	射	basic
=	ark	弧	basic	lum	光	basic
=	arkt	极	basic	nord	北	basic
=	arnik	羊菊	pejvo	mont	山	basic
>>	arom	香	pejvo	bon	良	basic
>>	artikol	文	basic	par	偶	basic
>>	astat	无定	pejvo	stat	态	basic
=	asteri	海星	pejvo	mar	海	basic
>>	atas^e	随员	pejvo	ambasad	使	basic
=	avanc	进	pejvo	ant	在	suf
=	avanc	进	pejvo	promoci	升	pejvo
>>	azale	杜鹃	pejvo	rod	啃	pejvo
=	bagag^	行李	pejvo	pak	包	basic
=	bajt	字节	pejvo	bit	位	pejvo
>>	bakalau^r	学士	pejvo	licenci	士	pejvo
>>	bakalau^r	学士	pejvo	magistr	硕	pejvo
>>	bakalau^r	学士	pejvo	abi	杉	basic
=	balzam	膏	pejvo	en	内	prep
>>	banal	庸	basic	trivial	卑	pejvo
>>	banal	庸	basic	vulgar	俗	basic
=	barg^	驳	pejvo	plat	扁	basic
>>	bar	障	basic	pask	庆	basic
=	bas	低	pejvo	mal	反	pref
=	basbal	棒球	pejvo	baz	基	basic
=	basen	盆	pejvo	rond	圆	basic
>>	baskul	跷	pejvo	balanc	摇	basic
>>	baskul	跷	pejvo	pendol	摆	basic
>>	bazar	市	basic	super	上	prep
=	beb	婴	basic	infan	童	basic
>>	beb	婴	basic	su	猪	piv
>>	bezon	需	basic	neces	必	basic
>>	bier	酒	basic	botel	瓶	basic
>>	bier	酒	basic	barel	桶	basic
>>	bifstek	牛排	basic	sang	血	basic
>>	bifstek	牛排	basic	mez	中	basic
>>	bifstek	牛排	basic	tra	穿	prep
>>	bilanc	衡	pejvo	inventar	盘	pejvo
>>	bilanc	衡	pejvo	sald	余	pejvo
=	bilion	兆	num	miliard	十亿	num
=	bilion	兆	num	du	二	num
=	bilion	兆	num	mil	千	num
=	binar	二进	pejvo	du	二	num
>>	binar	二进	pejvo	bit	位	pejvo
=	binom	二项	pejvo	dut	二度	pejvo
=	bobel	泡	pejvo	aer	气	basic
=	bolet	菇	pejvo	tub	管	basic
=	bordel	妓院	pejvo	prostitu	妓	pejvo
=	bordel	妓院	pejvo	mal	反	pref
>>	bovl	碗	basic	tas	杯	basic
=	brasik	菜	basic	kap	头	basic
>>	brig	双帆船	pejvo	skun	帆船	pejvo
>>	bronk	支	pejvo	trake	气管	pejvo
>>	bulvard	道	basic	ale	林	basic
=	bunt	彩	pejvo	divers	杂	basic
=	buton	扣	basic	flor	花	basic
=	celsius	摄氏	pejvo	cel	标	basic
=	cens	普	pejvo	popol	民	basic
=	cim	臭虫	pejvo	program	程	basic
>>	cirus	卷	pejvo	kumulus	积	pejvo
>>	cirus	卷	pejvo	stratus	层	pejvo
=	cist	草	pejvo	vezik	囊	basic
=	citron	果	pejvo	limon	柠檬	pejvo
>>	c^irp	鸣	pejvo	pep	叽	pejvo
>>	c^irp	鸣	pejvo	zum	嗡	basic
=	dama	鹿	pejvo	dam	妃	pejvo
>>	degener	退	pejvo	dekadenc	颓	pejvo
>>	delikt	违	pejvo	krim	罪	basic
>>	demand	问	basic	problem	题	basic
=	depon	存	basic	sekur	安	basic
=	depresi	低	pejvo	deprim	沮丧	pejvo
>>	deprim	沮丧	pejvo	sen	无	prep
>>	deprim	沮丧	pejvo	malv	葵	basic
>>	deprim	沮丧	pejvo	splen	郁	pejvo
>>	deput	派	basic	deleg	委	basic
>>	derm	皮	sci	epi	表	pref
>>	despot	专制	pejvo	tiran	暴	pejvo
>>	despot	专制	pejvo	diktator	独裁	pejvo
=	detal	细	basic	pom	苹	basic
=	devi	偏	pejvo	dev	应	basic
>>	diafan	透	pejvo	tra	穿	prep
>>	diafan	透	pejvo	mal	反	pref
>>	diamagnet	反磁	pejvo	paramagnet	顺磁	pejvo
=	dierez	分音	pejvo	trem	颤	basic
>>	diktator	独裁	pejvo	tiran	暴	pejvo
=	dilu	稀	pejvo	mal	反	pref
=	diluv	洪	pejvo	inund	淹	basic
>>	dinamik	力	pejvo	statik	静	pejvo
>>	dinamik	力	pejvo	kinet	动	pejvo
>>	dinamik	力	pejvo	mekanik	械	basic
>>	direkt	方	basic	senc	意	basic
=	disertaci	论文	pejvo	disert	论	pejvo
>>	disk	盘	basic	dur	硬	pejvo
>>	diskurs	辩	pejvo	or	金	basic
>>	diskurs	辩	pejvo	parol	话	basic
>>	diskut	论	basic	debat	辩	pejvo
>>	diskut	论	basic	disput	争	basic
>>	diskut	论	basic	polemik	辩	pejvo
>>	disonanc	不谐	pejvo	kon	认	basic
>>	dispozici	处	pejvo	ar	群	suf
=	dispozici	处	pejvo	klau^z	款	pejvo
>>	disput	争	basic	kverel	吵	basic
>>	disput	争	basic	konflikt	冲	basic
>>	distr	散	basic	mal	反	pref
>>	distrikt	区	basic	guberni	省	basic
>>	distrikt	区	basic	provinc	省	basic
>>	distrikt	区	basic	departement	部	pejvo
>>	distrikt	区	basic	kanton	州	pejvo
>>	diven	猜	basic	supoz	设	basic
>>	divizi	师	pejvo	klas	级	basic
>>	divizor	约数	pejvo	divid	分	basic
=	divorc	离婚	pejvo	eks	旧	pref
=	dogan	关	basic	lim	界	basic
>>	dogan	关	basic	akciz	税	pejvo
>>	dog	犬	pejvo	bul	团	basic
>>	doktor	博	basic	licenci	士	pejvo
>>	dolor	痛	basic	sufer	苦	basic
=	domin	治	pejvo	super	上	prep
=	dom	屋	basic	hejm	家	basic
>>	donac	礼	basic	don	给	basic
>>	donac	礼	basic	de	从	prep
>>	dram	剧	basic	tragik	悲剧	basic
>>	drap	呢	basic	lan	毛	basic
>>	drap	呢	basic	tuk	巾	basic
=	drat	线	basic	metal	金	basic
>>	driv	漂	pejvo	flos	筏	basic
=	dromedar	单峰驼	pejvo	unu	一	num
=	drup	核果	pejvo	kern	核	basic
>>	dual	双	pejvo	singular	单	basic
>>	dual	双	pejvo	plural	复数	basic
>>	dubl	替	pejvo	ans	柄	pejvo
>>	duk	公爵	pejvo	markiz	侯	pejvo
>>	duk	公爵	pejvo	princ	侯	basic
>>	duktil	延展	pejvo	drat	线	basic
>>	duktil	延展	pejvo	etend	伸	basic
=	dukt	管	pejvo	kondukt	导	sci
>>	du	二	num	par	偶	basic
>>	duoden	十二指肠	pejvo	mal	反	pref
=	dur	硬	pejvo	mal	反	pref
>>	eben	平	basic	plat	扁	basic
>>	eben	平	basic	glat	滑	basic
>>	ebl	可	suf	probabl	概	basic
>>	edikt	令	pejvo	dekret	颁	pejvo
>>	eduk	育	basic	instru	教	basic
>>	eduk	育	basic	pri	于	prep
>>	eduk	育	basic	dres	驯	basic
=	eduk	育	basic	kultiv	栽	pejvo
>>	efekt	效	basic	impres	印	basic
>>	efik	效	basic	influ	影	basic
>>	efloresk	风化	pejvo	erozi	蚀	pejvo
>>	eg	巨	suf	tre	很	func
>>	eg	巨	suf	terur	恐	basic
=	ejakul	射	pejvo	sperm	精液	pejvo
>>	ej	所	suf	lok	处	basic
=	ekin	海胆	pejvo	mark	标	basic
>>	eklezi	教	basic	preg	压	piv
>>	eksces	滥	pejvo	tro	太	func
=	ekskori	擦伤	pejvo	skrap	刮	basic
>>	ekskreci	泄	pejvo	fek	粪	pejvo
>>	ekskurs	游	basic	piknik	野餐	basic
>>	ekskuz	辩	pejvo	sen	无	prep
=	eksplicit	明	pejvo	mal	反	pref
>>	eksplik	释	pejvo	klar	清	basic
>>	ekstaz	醉	pejvo	entuziasm	热	basic
>>	ekstr	特	basic	ald	中音	pejvo
>>	ekstradici	引渡	pejvo	trans	越	prep
=	ekstrapol	外推	pejvo	ekster	外	prep
>>	ekvinoks	分	pejvo	solstic	至	pejvo
>>	ekvizet	问荆	pejvo	mang	芒果	pejvo
>>	ekvizet	问荆	pejvo	polur	磨	basic
>>	ekzakt	精	basic	sen	无	prep
>>	ekzakt	精	basic	strikt	严	pejvo
>>	ekzantem	疹	pejvo	en	内	prep
>>	ekzempler	册	basic	specimen	样	basic
>>	ekzerc	练	basic	disciplin	律	pejvo
>>	ekzerc	练	basic	hard	硬	pejvo
>>	ekzil	逐	pejvo	el	出	prep
>>	ekzil	逐	pejvo	de	从	prep
=	el	出	prep	ekster	外	prep
>>	elekt	选	basic	kribr	筛	pejvo
>>	elekt	选	basic	balot	票	basic
>>	elektrod	极	pejvo	katod	阴	pejvo
>>	elektrod	极	pejvo	an	员	suf
>>	element	素	basic	baz	基	basic
>>	element	素	basic	fundament	基	basic
>>	emancip	放	pejvo	liber	自由	basic
>>	embol	栓	pejvo	tromb	龙卷	pejvo
>>	embri	胚	pejvo	fet	胎	pejvo
>>	emerit	退	basic	pensi	养老	basic
=	emeritur	退休金	pejvo	emerit	退	basic
>>	emfaz	强	basic	akcent	重	basic
>>	emfaz	强	basic	relief	雕	pejvo
>>	emfaz	强	basic	sub	下	prep
=	emfizem	气肿	pejvo	pulm	肺	basic
=	emisi	发	pejvo	el	出	prep
>>	em	倾	suf	tendenc	趋	basic
>>	emoci	情	basic	kort	院	basic
=	endokrin	内分泌	pejvo	send	送	basic
>>	enket	查	basic	esplor	探	basic
=	en	内	prep	jen	这	func
=	ensembl	套	pejvo	muzik	乐	basic
>>	entuziasm	热	basic	fanatik	狂	pejvo
>>	envi	羡	basic	avid	贪	basic
>>	epiteli	上皮	pejvo	endo	内	pref
>>	epitet	修饰	pejvo	predikat	谓	pejvo
>>	epitom	抄	pejvo	resum	概	basic
>>	epok	纪	basic	period	期	basic
>>	epok	纪	basic	era	代	pejvo
>>	epok	纪	basic	ag	办	basic
>>	era	代	pejvo	period	期	basic
=	ergot	麦角	pejvo	krur	腿	basic
=	eritrocit	红胞	pejvo	ru	浸	pejvo
=	escept	除	basic	ekskluziv	排	basic
>>	escept	除	basic	eksklud	排	pejvo
=	eskal	梯	pejvo	dis	散	pref
>>	esper	望	basic	dezir	欲	basic
>>	esper	望	basic	atend	待	basic
>>	esprim	表	basic	el	出	prep
>>	estim	尊	basic	respekt	敬	basic
>>	et	小	suf	mal	反	pref
>>	etap	段	basic	stadi	阶	basic
=	etiket	礼	pejvo	etiked	标	pejvo
=	faden	丝	basic	drat	线	basic
=	faeton	马车	pejvo	tropik	热带	basic
=	faks	传真	pejvo	tele	远	pref
=	faksimil	复	pejvo	faks	传真	pejvo
>>	familiar	熟	basic	intim	亲	basic
>>	familiar	熟	basic	senc	意	basic
>>	far	做	basic	ag	办	basic
>>	fars	剧	pejvo	burlesk	谐	pejvo
>>	fasad	正面	basic	inter	间	prep
>>	fascin	魅	pejvo	rav	醉	basic
>>	fascin	魅	pejvo	sor	腾	pejvo
=	fau^n	兽相	pejvo	best	兽	basic
=	fav	黄癣	pejvo	tini	头癣	pejvo
=	febl	弱	pejvo	mal	反	pref
>>	fek	粪	pejvo	kaki	土黄	pejvo
=	femal	雌	pejvo	in	女	suf
>>	fe	妖精	basic	kobold	精灵	pejvo
>>	feri	假	basic	fest	庆	basic
>>	feri	假	basic	liber	自由	basic
>>	ferment	酵	pejvo	gist	酵母	pejvo
=	ferment	酵	pejvo	enzim	酵素	pejvo
>>	fetor	臭	pejvo	mal	反	pref
>>	fiakr	马车	pejvo	kales^	车	pejvo
>>	final	终	pejvo	du	二	num
>>	final	终	pejvo	kvar	四	num
=	firma	商	basic	firm	坚	basic
=	fizionomi	相	pejvo	viz	证	basic
=	flau^r	植相	pejvo	veget	茂	basic
>>	flot	舰	pejvo	aer	气	basic
>>	flus	涨	pejvo	al	向	prep
>>	flus	涨	pejvo	alt	高	basic
>>	flustr	悄	basic	susur	沙响	basic
>>	flustr	悄	basic	murmur	咕	basic
>>	fobi	症	pejvo	akv	水	basic
>>	fobi	症	pejvo	aer	气	basic
=	fondus	基金	pejvo	fond	建	basic
=	fork	叉	basic	mang	芒果	pejvo
=	fornel	炉	pejvo	kuir	烹	basic
=	forst	林	pejvo	kultiv	栽	pejvo
>>	fortun	运	basic	destin	定	basic
>>	fortun	运	basic	hazard	偶	basic
>>	fost	柱	basic	stang	杆	basic
>>	fost	柱	basic	palis	桩	basic
=	fotel	扶椅	basic	brak	臂	basic
=	fot	拍	basic	fotograf	照	basic
>>	fraj	鱼卵	pejvo	ov	卵	basic
>>	frau^d	诈	pejvo	tromp	骗	basic
=	frid	冷	pejvo	malv	葵	basic
>>	friz	卷	basic	konstant	恒	basic
>>	frukt	果	basic	drup	核果	pejvo
>>	frukt	果	basic	ber	浆果	basic
>>	ftiz	结核	pejvo	tuberkul	结	pejvo
=	fuort	堡	pejvo	fortik	坚	basic
=	futbal	球	basic	pied	足	basic
=	futur	未	pejvo	est	是	basic
>>	fuzi	聚变	pejvo	fi	卑	pref
>>	galop	驰	pejvo	trot	小跑	pejvo
=	gang	脉石	pejvo	c^ir	卷须	piv
>>	gas	气	basic	solid	固	basic
>>	gas	气	basic	likv	液	basic
=	gasteroste	刺鱼	pejvo	dorn	刺	basic
=	gavi	潜鸟	pejvo	kol	颈	basic
>>	gazel	瞪羚	pejvo	antilop	羚	pejvo
=	gazon	草坪	pejvo	raz	剃	basic
=	gazon	草坪	pejvo	herb	草	basic
=	gener	生	pejvo	id	子	suf
=	genetik	遗传	pejvo	gen	生	sci
>>	gent	族	basic	popol	民	basic
=	geotrup	虫	pejvo	sterk	粪	basic
=	germanium	金	pejvo	ge	双	pref
=	gingiv	牙肉	pejvo	dent	齿	basic
=	gis	铸	pejvo	muld	型	pejvo
>>	glace	泽	pejvo	polur	磨	basic
=	glir	睡鼠	pejvo	dorm	睡	basic
=	globul	血球	pejvo	sang	血	basic
>>	golf	湾	basic	klab	棍	pejvo
>>	golf	湾	basic	pilk	球	basic
>>	gracil	纤	pejvo	svelt	苗条	pejvo
=	grac	恩	pejvo	di	神	basic
>>	grak	啼	pejvo	blek	鸣	basic
>>	grat	抓	basic	skrap	刮	basic
>>	gratifik	赏	pejvo	trink	饮	basic
>>	gratifik	赏	pejvo	krom	外	prep
>>	gravur	刻	pejvo	skulpt	雕	basic
>>	grenad	手雷	pejvo	obus	弹	pejvo
=	grenad	手雷	pejvo	mang	芒果	pejvo
>>	gres	牧草	pejvo	herb	草	basic
>>	grif	狮鹰	pejvo	vultur	秃鹰	basic
>>	grif	狮鹰	pejvo	gip	鸟	piv
>>	grunt	哼	pejvo	blek	鸣	basic
>>	grup	团	basic	kolektiv	集	basic
=	gruz	砾	pejvo	kart	卡	basic
>>	guberni	省	basic	prefekt	督	pejvo
=	gum	胶	basic	frot	擦	basic
>>	gvat	监	pejvo	observ	观	basic
>>	g^el	凝胶	pejvo	koloid	胶	pejvo
>>	g^el	凝胶	pejvo	sol	唯	basic
=	harmonik	琴	pejvo	bus	车	basic
=	harmonik	琴	pejvo	harmoni	谐	basic
>>	harmonium	风琴	pejvo	orgen	琴	pejvo
>>	hast	匆	pejvo	rapid	速	basic
>>	hast	匆	pejvo	ur	原牛	pejvo
=	hektar	公顷	basic	cent	百	num
>>	hel	亮	basic	lum	光	basic
>>	hel	亮	basic	pal	苍	basic
=	heliant	向日葵	pejvo	sun	阳	basic
>>	helic	螺	pejvo	spiral	旋	pejvo
=	helic	螺	pejvo	pel	驱	basic
=	helik	螺	pejvo	spiral	旋	pejvo
=	helik	螺	pejvo	volv	卷	basic
=	hemoragi	出血	pejvo	sang	血	basic
>>	hen	嘶	pejvo	blek	鸣	basic
=	hepatik	肝草	pejvo	hepat	肝	basic
=	hermafrodit	两性	pejvo	am	爱	basic
=	hil	蛙	pejvo	verd	绿	basic
>>	hipermetrop	远	pejvo	miop	近	basic
>>	hipermetrop	远	pejvo	presbiop	老花	pejvo
=	hirund	燕	basic	dom	屋	basic
=	his	升	pejvo	supr	顶	basic
=	hok	钩	basic	fi	卑	pref
=	holoturi	海参	pejvo	mark	标	basic
>>	horizontal	横	basic	vertikal	竖	basic
>>	horor	怖	pejvo	tim	怕	basic
>>	horor	怖	pejvo	terur	恐	basic
>>	horor	怖	pejvo	abomen	厌	basic
=	hospital	医	basic	mal	反	pref
=	humid	湿	basic	mal	反	pref
=	humor	情	basic	humur	谐	basic
>>	humur	谐	basic	sprit	智	basic
>>	idili	田园	pejvo	ek	始	pref
>>	idili	田园	pejvo	past	糊	basic
=	ikon	圣像	pejvo	sankt	圣	basic
=	ileks	冬青	pejvo	akvifoli	木	piv
>>	ile	肠	pejvo	mal	反	pref
>>	imagin	成虫	pejvo	larv	幼虫	basic
>>	imagin	成虫	pejvo	pup	偶	basic
>>	imanent	内	pejvo	transcend	超	pejvo
>>	import	进	basic	eksport	出	basic
>>	improviz	即兴	pejvo	sen	无	prep
=	incendi	焚	pejvo	brul	燃	basic
>>	incens	香	pejvo	odor	气	basic
=	indic	征	basic	indik	指	basic
=	inflam	炎	sci	brul	燃	basic
=	influenc	感	pejvo	elektr	电	basic
=	influenc	感	pejvo	grip	流感	basic
=	inocent	无罪	pejvo	sen	无	prep
>>	insid	陷	basic	embusk	伏	pejvo
>>	insid	陷	basic	artifik	诈	pejvo
>>	inspektor	检	basic	reg^isor	导演	pejvo
=	interez	利	basic	rent	租	basic
>>	intest	肠	basic	dik	厚	basic
>>	intest	肠	basic	mal	反	pref
>>	invent	创	basic	el	出	prep
=	invest	投资	pejvo	investitur	任	pejvo
>>	investitur	任	pejvo	en	内	prep
=	jah^t	游艇	pejvo	jakt	艇	basic
=	jar	年	basic	unu	一	num
=	jar	年	basic	c^i	此	func
=	jard	码	pejvo	vel	帆	basic
>>	jet	喷	basic	reaktor	反应堆	pejvo
>>	jogurt	酸乳	pejvo	ja	确	func
=	j^ak	插孔	pejvo	re	再	pref
>>	j^argon	黑话	pejvo	slang	俗语	pejvo
=	j^uri	陪审	pejvo	jug	束缚	basic
>>	kadr	框	basic	en	内	prep
>>	kak	屎	pejvo	fek	粪	pejvo
>>	kalistegi	旋花	pejvo	kon	认	basic
=	kalk	灰	basic	kalci	钙	elem
>>	kamera	摄	pejvo	fot	拍	basic
=	kamer	室	pejvo	kamera	摄	pejvo
>>	kancer	癌	basic	tumor	瘤	pejvo
>>	kan	苇	pejvo	frag	果	basic
>>	kan	苇	pejvo	rota	皇院	piv
>>	kanu	舟	pejvo	kaj	和	func
>>	kapriol	跳	pejvo	kapr	羊	basic
>>	kapsik	辣	pejvo	paprik	甜椒	pejvo
=	karaktr	字	pejvo	sign	符	basic
=	kardi	心	sci	kardj	胃门	piv
=	karik	木瓜	pejvo	kareks	草	pejvo
>>	kartel	盟	pejvo	trust	垄断	pejvo
=	karton	板	basic	muld	型	pejvo
>>	kaskad	级	pejvo	akv	水	basic
>>	kataplasm	膏	pejvo	plast	塑	basic
=	katarakt	白内障	pejvo	kaskad	级	pejvo
=	katastr	地籍	pejvo	teren	地	basic
=	kateh^iz	教理	pejvo	katekiz	诲	pejvo
>>	kav	洞	basic	krest	冠	basic
=	kazern	营	pejvo	soldat	兵	basic
=	keloni	龟	pejvo	martes	兽	piv
=	kidnap	拐	pejvo	fork	叉	basic
>>	kidnap	拐	pejvo	infan	童	basic
=	kiel	何样	correl	kia	何	correl
>>	kin	映	basic	film	影	basic
=	kiras	甲	pejvo	kara	藻	piv
>>	kirl	涡	pejvo	bat	打	basic
=	klap	瓣	pejvo	valv	阀	pejvo
>>	klerik	教士	pejvo	eklezi	教	basic
>>	kling	刃	basic	tranc	附身	pejvo
>>	klip	夹	pejvo	paper	纸	basic
=	knedlik	面团	pejvo	past	糊	basic
=	kodeks	典	pejvo	farmak	药	pejvo
>>	koeficient	系数	pejvo	faktor	因	basic
>>	koher	贯	pejvo	adher	附	pejvo
=	koit	交	pejvo	seks	性	basic
>>	koit	交	pejvo	kopulaci	配	pejvo
>>	kojl	结肠	pejvo	dik	厚	basic
=	kok	鸡	basic	mikro	微	pref
>>	koks	股	basic	lumb	腰	basic
>>	koks	股	basic	tali	腰	basic
=	kolier	项链	pejvo	kol	颈	basic
=	kolofon	松香	pejvo	rezin	脂	pejvo
>>	kolonel	上校	basic	vesel	舰	pejvo
>>	koloni	殖	basic	popol	民	basic
=	kolon	柱	basic	kolumn	栏	basic
=	kolor	色	basic	sonk	草	piv
=	kolumn	栏	basic	vertikal	竖	basic
=	kolz	油菜	pejvo	ole	油	basic
=	komentari	注	basic	koment	评	basic
=	komerc	商	basic	intern	内	basic
=	kompiler	编译	pejvo	traduk	译	basic
=	komplic	同谋	pejvo	kun	共	prep
=	komplic	同谋	pejvo	krim	罪	basic
=	koncentr	集	basic	sam	同	basic
=	kondiment	佐	pejvo	spic	香	basic
=	konduk	导	basic	stir	驾	pejvo
=	konfekci	成衣	pejvo	pret	备	basic
=	konfirm	确	basic	konfirmaci	坚信礼	pejvo
=	konfront	对质	pejvo	kontra	反	piv
>>	kongest	淤	pejvo	sang	血	basic
>>	kongest	淤	pejvo	hiper	超	pref
>>	konik	锥线	pejvo	konus	锥	pejvo
>>	konkav	凹	pejvo	konveks	凸	pejvo
>>	konkub	内缘	pejvo	krom	外	prep
>>	konsekr	献	pejvo	sankt	圣	basic
>>	konsonant	辅	basic	vokal	元	basic
=	konstelaci	星座	pejvo	stel	星	basic
>>	kontant	现	basic	kredit	贷	basic
>>	kontor	所	pejvo	ofic	职	basic
>>	kontralt	女低	pejvo	sopran	女高音	pejvo
>>	kontrol	检	basic	regi	治	pejvo
>>	konval	铃兰	basic	maj	五月	cal
>>	konven	适	basic	deci	分	pejvo
>>	konven	适	basic	konform	合	basic
>>	konvulsi	抽风	pejvo	spasm	抽筋	pejvo
>>	konvulsi	抽风	pejvo	kramf	抽筋	pejvo
=	kooper	协	pejvo	kun	共	prep
>>	kopi	复	basic	print	印	pejvo
=	kor	心	basic	el	出	prep
=	korn	角	basic	hup	鸣	pejvo
=	korol	花冠	pejvo	petal	瓣	pejvo
=	korsar	私掠	pejvo	kaper	劫	pejvo
>>	korsar	私掠	pejvo	pirat	海盗	pejvo
=	korupt	贿	pejvo	sub	下	prep
>>	korv	鸦	basic	korak	渡鸦	pejvo
>>	korv	鸦	basic	mon	钱	basic
>>	kras^	坠	pejvo	frakas	碎	basic
>>	kremaci	火葬	pejvo	cindr	灰	basic
>>	kreml	城堡	pejvo	fortik	坚	basic
>>	kresp	饼	pejvo	pat	锅	basic
=	kript	墓窖	pejvo	c^ifr	密	pejvo
=	krisol	熔锅	pejvo	fand	熔	basic
=	krit	临界	pejvo	sojl	槛	basic
=	kriz	危	basic	sojl	槛	basic
>>	kroc^et	钩	pejvo	trik	织	basic
>>	krokodil	鳄	basic	ali	别	basic
>>	kromat	色	pejvo	dia	通	pejvo
=	kromi	金	pejvo	krom	外	prep
>>	krur	腿	basic	pied	足	basic
=	kuf	帽	pejvo	hup	鸣	pejvo
=	kulas	尾	pejvo	post	后	prep
>>	kultiv	栽	pejvo	kultur	耕	basic
=	kupl	连	pejvo	kluc^	合	pejvo
=	kurkuli	象甲	pejvo	bek	嘴	basic
>>	kurkuli	象甲	pejvo	kalandr	压光	pejvo
=	kurs	课	basic	kurz	价	pejvo
=	kurt	短	pejvo	mal	反	pref
>>	kvartal	区	basic	urb	市	basic
>>	kvaternar	四	pejvo	terciar	三	pejvo
>>	kvocient	商	pejvo	rilat	关	basic
=	labil	易变	pejvo	nest	巢	basic
>>	lampir	萤	pejvo	lum	光	basic
>>	lampir	萤	pejvo	lu	租	basic
=	langvor	倦	pejvo	malv	葵	basic
=	lant	缓	pejvo	mal	反	pref
>>	lanug	茸	pejvo	plum	羽	basic
>>	lanug	茸	pejvo	vil	蓬	pejvo
>>	lard	脂	basic	pork	猪	basic
>>	latitud	纬	basic	longitud	经度	basic
>>	lazaret	检疫院	pejvo	mal	反	pref
=	laz	套	pejvo	kapt	捕	basic
=	libertin	荡	pejvo	liber	自由	basic
>>	licenci	士	pejvo	magistr	硕	pejvo
=	lic	许	pejvo	est	是	basic
>>	likv	液	basic	solid	固	basic
=	lingvistik	学	basic	lingv	语	basic
>>	liter	字	basic	ide	意	basic
=	livi	鸽	pejvo	rok	岩	basic
=	lobi	游说	pejvo	prem	压	basic
>>	logaritm	对数	pejvo	man	手	basic
>>	long	长	basic	larg	宽	piv
=	lotus	莲	basic	lot	签	basic
=	lozang^	菱	pejvo	pastel	含片	pejvo
>>	lug^	雪车	pejvo	glit	滑	basic
=	lukan	锹甲	pejvo	cerv	鹿	basic
=	luksaci	脱臼	pejvo	el	出	prep
>>	lun	月	basic	satelit	星	basic
>>	magi	魔	basic	sor	腾	pejvo
>>	makis	丛	pejvo	arbust	灌木	pejvo
>>	male	捶	pejvo	martel	锤	basic
=	male	捶	pejvo	mor	俗	basic
=	maleol	脚腕	basic	pied	足	basic
>>	mandarin	橘	pejvo	or	金	basic
>>	manifestaci	示	basic	parad	炫	pejvo
>>	manifestaci	示	basic	procesi	列	pejvo
>>	manifest	显	pejvo	deklar	宣	basic
>>	manifest	显	pejvo	proklam	宣	pejvo
=	manikur	美甲	pejvo	man	手	basic
>>	manufaktur	造	pejvo	fabrik	厂	basic
=	map	图	basic	bild	画	basic
=	markot	压	pejvo	s^os	芽	pejvo
>>	marmelad	果酱	basic	konfit	糖	basic
=	marmit	锅	pejvo	kuir	烹	basic
>>	maron	栗	pejvo	kas	库	basic
=	masakr	屠	pejvo	amas	堆	basic
=	maskl	雄	pejvo	vir	男	basic
=	mas^	眼	pejvo	ventr	腹	basic
=	matrikul	籍	pejvo	en	内	prep
>>	medikag	牧草	pejvo	lu	租	basic
>>	medikament	药	basic	kurac	医	basic
=	megom	兆	pejvo	mega	百万	pejvo
>>	mekanik	械	basic	statik	静	pejvo
=	melankoli	郁	pejvo	deprim	沮丧	pejvo
>>	mem	自	func	ego	吾	pejvo
>>	memor	记	basic	parker	背	pejvo
>>	mens	心	basic	anim	魂	basic
>>	mens	心	basic	spirit	灵	basic
>>	mens	心	basic	intelekt	智	basic
>>	mensog	谎	basic	malv	葵	basic
=	menstru	月经	pejvo	monat	月	basic
>>	mercer	针线	pejvo	galant	殷勤	pejvo
=	meriz	樱	pejvo	do	故	func
=	meteor	陨	pejvo	fals	伪	basic
=	meteor	陨	pejvo	atmosfer	气	basic
>>	metrik	量	pejvo	proz	散文	basic
>>	miel	蜜	basic	melas	糖蜜	pejvo
>>	mien	容	basic	aspekt	显	basic
>>	mikrob	细菌	pejvo	bakteri	菌	basic
>>	mikrob	细菌	pejvo	protozo	原兽	pejvo
>>	mikrob	细菌	pejvo	virus	毒	basic
>>	mile	黄米	pejvo	panic	粟	basic
>>	mili	粟	pejvo	se	若	func
>>	mili	粟	pejvo	ekin	海胆	pejvo
>>	mili	粟	pejvo	sorg	高粱	basic
=	mim	仿	pejvo	mimik	拟	pejvo
=	mim	仿	pejvo	pantomim	哑剧	pejvo
>>	mimoz	含羞	pejvo	akaci	金合欢	pejvo
=	ministeri	部	basic	ministr	臣	basic
>>	ministeri	部	basic	sub	下	prep
=	minoritat	少数	pejvo	mal	反	pref
=	minoritat	少数	pejvo	nep	孙	basic
>>	miop	近	basic	presbiop	老花	pejvo
=	mirmekofag	兽	pejvo	formik	蚁	basic
=	mitral	机枪	pejvo	mas^	眼	pejvo
=	mjel	髓	pejvo	spin	脊	pejvo
=	model	模	basic	modl	塑	pejvo
=	model	模	basic	muld	型	pejvo
=	molar	臼	pejvo	grand	大	basic
=	molar	臼	pejvo	muel	磨	basic
>>	molest	虐	pejvo	mis	误	pref
=	monitor	监	pejvo	vid	见	basic
=	monitor	监	pejvo	varan	龙	pejvo
>>	moral	德	basic	etik	伦	basic
=	morb	病	pejvo	mal	反	pref
>>	mor	俗	basic	kutim	习	basic
>>	morter	浆	pejvo	stuk	涂	pejvo
>>	mortez	卯眼	pejvo	tenon	凸	pejvo
>>	most	汁	pejvo	vin	酒	basic
=	motacil	鸟	pejvo	vost	尾	basic
=	mung	擦鼻	pejvo	naz	鼻	basic
=	naci	族	basic	regn	国	basic
>>	nadl	针	basic	kudr	缝	basic
>>	nadl	针	basic	montr	示	basic
=	naft	原油	pejvo	krud	粗	basic
>>	najbar	邻	basic	trans	越	prep
=	nap	油菜	pejvo	rap	萝卜	pejvo
>>	narkot	麻	pejvo	an	员	suf
=	narkotik	麻醉	pejvo	narkot	麻	pejvo
>>	natr	钠	pejvo	sod	碱	pejvo
=	navig	航	pejvo	mar	海	basic
=	navig	航	pejvo	aer	气	basic
>>	negativ	否	basic	pasiv	被	basic
>>	negativ	否	basic	klis^	铸版	pejvo
>>	neglekt	忽	basic	mal	反	pref
>>	nekromanci	招魂	pejvo	spirit	灵	basic
=	nerv	神经	basic	nervoz	躁	basic
>>	niks	精	pejvo	akv	水	basic
=	nimfe	睡莲	pejvo	akv	水	basic
=	nimf	精	pejvo	vulv	外阴	pejvo
=	noc	害	pejvo	mal	反	pref
>>	nod	结	basic	ret	网	basic
>>	nokt	夜	basic	tra	穿	prep
>>	nominativ	主	basic	akuzativ	宾	basic
=	nostalgi	怀旧	pejvo	hejm	家	basic
=	noval	荒	pejvo	sen	无	prep
>>	novel	篇	basic	roman	小说	basic
>>	nudel	面	pejvo	vermic^el	粉丝	pejvo
=	nukle	核	basic	atom	子	basic
>>	nuks	果	basic	jugland	核桃	pejvo
=	nupt	婚	pejvo	ge	双	pref
=	oblikv	斜	basic	supr	顶	basic
>>	obscen	淫	pejvo	mal	反	pref
=	obskur	暗	pejvo	mal	反	pref
=	obskur	暗	pejvo	nek	也不	func
>>	obstetrik	产科	pejvo	ginek	女	pejvo
>>	obstin	顽	basic	persist	坚	basic
>>	odor	气	basic	arom	香	pejvo
>>	odor	气	basic	fetor	臭	pejvo
>>	ofer	献	basic	de	从	prep
=	okcipit	后脑	pejvo	post	后	prep
>>	okult	秘	pejvo	mister	谜	basic
=	okup	占	basic	eko	境	pejvo
>>	omar	龙虾	pejvo	pal	苍	basic
=	operaci	操	basic	operac	作战	pejvo
>>	opon	反	basic	opozici	对	basic
>>	opozici	对	basic	kontra	反	piv
=	orbit	轨	pejvo	okul	目	basic
>>	orgojl	傲	pejvo	mal	反	pref
>>	orgojl	傲	pejvo	fier	骄	basic
=	orkid	兰	pejvo	testik	丸	pejvo
=	ostag^	人质	pejvo	garanti	保	basic
>>	ovaci	赞	pejvo	triumf	凯	pejvo
=	oval	椭圆	basic	ov	卵	basic
=	pad	径	pejvo	voj	路	basic
>>	pagan	异	pejvo	ali	别	basic
>>	pajac	丑	pejvo	fars	剧	pejvo
>>	pajac	丑	pejvo	amuz	娱	basic
>>	palt	大衣	basic	surtut	袍	basic
>>	pamflet	批文	pejvo	bros	刷	basic
>>	papili	蝶	basic	nokt	夜	basic
>>	paprik	甜椒	pejvo	ru	浸	pejvo
>>	parabol	抛	pejvo	alegori	寓	pejvo
>>	parad	炫	pejvo	procesi	列	pejvo
=	paradize	极乐鸟	pejvo	paradiz	天	basic
>>	paradiz	天	basic	suk	汁	basic
>>	paraf	签	pejvo	sub	下	prep
>>	paralel	并	basic	seri	列	basic
>>	paranoj	偏执	pejvo	mono	单	pref
>>	parentez	括	basic	kramp	夹	basic
>>	parker	背	pejvo	re	再	pref
=	partner	伴	pejvo	kun	共	prep
=	parvenu	升	pejvo	nov	新	basic
=	pas	过	basic	pase	昔	pejvo
=	pase	昔	pejvo	pasi	情	basic
>>	patos	慨	pejvo	bombast	夸	pejvo
>>	patos	慨	pejvo	emfaz	强	basic
>>	patos	慨	pejvo	verv	劲	pejvo
>>	patron	保	basic	sponsor	援	pejvo
=	pau^t	翘嘴	pejvo	lip	唇	basic
=	pelmel	乱	pejvo	mal	反	pref
>>	pendol	摆	basic	sving	挥	basic
>>	pen	努	basic	klopod	尽	basic
>>	pen	努	basic	streb	奋	pejvo
=	penik	笔	basic	kvast	穗	pejvo
=	penik	笔	basic	grapol	串	pejvo
=	pentagon	五角	pejvo	kvin	五	num
>>	percept	觉	pejvo	koncept	概	basic
>>	perfekt	完	basic	sen	无	prep
>>	perfekt	完	basic	plen	满	basic
>>	perfekt	完	basic	komplet	全	basic
>>	periferi	周边	pejvo	peri	围	pejvo
=	perkut	撞	pejvo	frap	敲	basic
=	perl	珠	basic	bi	生	pejvo
=	perpendikl	垂	pejvo	ort	直角	basic
=	perpendikular	垂	pejvo	ort	直角	basic
>>	perpleks	惑	pejvo	konfuz	乱	basic
>>	person	人	basic	individu	个	basic
>>	perturb	扰	pejvo	mal	反	pref
>>	pervers	邪	pejvo	malic	恶	basic
=	petiol	叶柄	pejvo	foli	叶	basic
>>	petrol	油	basic	benzin	汽油	basic
=	pic^	阴户	pejvo	vulv	外阴	pejvo
=	pic^	阴户	pejvo	tonal	调	pejvo
=	pigr	懒	pejvo	mal	反	pref
>>	pirat	海盗	pejvo	kaper	劫	pejvo
>>	pirat	海盗	pejvo	plagiat	窃	pejvo
>>	pistol	枪	pejvo	rev	幻	basic
>>	plad	皿	basic	teler	盘	basic
=	plant	植	basic	veget	茂	basic
>>	plektr	拨	pejvo	pin	松	basic
>>	pleu^ronekt	比目鱼	pejvo	plat	扁	basic
=	plint	础	pejvo	plank	板	basic
>>	plis	折	pejvo	krisp	皱	pejvo
>>	pluk	摘	pejvo	des	愈	basic
=	pluk	摘	pejvo	pin	松	basic
=	plural	复数	basic	plur	多	pejvo
>>	plural	复数	basic	singular	单	basic
=	pojn	腕	pejvo	man	手	basic
=	polen	粉	pejvo	flor	花	basic
=	poligon	多角	pejvo	plur	多	pejvo
=	poligon	多角	pejvo	fagopir	麦	pejvo
=	polm	掌	pejvo	man	手	basic
=	polo	马球	pejvo	male	捶	pejvo
=	poltron	怯	pejvo	mal	反	pref
=	postic^	伪	pejvo	imit	仿	basic
=	potas	钾碱	pejvo	kau^stik	蚀	pejvo
>>	pot	壶	basic	ter	地	basic
=	povr	贫	pejvo	kompat	怜	basic
=	povr	贫	pejvo	mal	反	pref
>>	pozitiv	正	basic	aktiv	活	basic
>>	prelud	前奏	pejvo	uve	葡萄膜	piv
=	prelud	前奏	pejvo	ant	在	suf
>>	prepost	主祭	pejvo	parok	堂区	pejvo
=	preskrib	规	basic	recept	方	basic
=	prevent	防	pejvo	ant	在	suf
>>	prezident	统	basic	prezid	主	basic
>>	primar	原	pejvo	sekundar	次	pejvo
=	primar	原	pejvo	paleozoik	古生	pejvo
=	princ	侯	basic	reg	治	basic
>>	privilegi	特权	pejvo	pre	前	piv
=	prizon	狱	pejvo	mal	反	pref
>>	prizon	狱	pejvo	karcer	牢	basic
=	proced	办	basic	procez	程	pejvo
=	procedur	程	pejvo	jug	束缚	basic
=	procent	率	basic	el	出	prep
=	procent	率	basic	interez	利	basic
=	procesor	处理器	pejvo	pri	于	prep
>>	procez	程	pejvo	progres	进	basic
=	prodig	慷	pejvo	mal	反	pref
=	profan	俗	pejvo	mal	反	pref
>>	profet	先知	basic	ant	在	suf
>>	profil	廓	pejvo	sekc	切	sci
>>	profund	深	basic	fund	底	basic
=	progresi	进	pejvo	vic	列	basic
=	prohibici	禁	pejvo	leg	读	basic
>>	prokur	代	pejvo	mandat	委	basic
=	promoci	升	pejvo	rang	级	basic
=	promoci	升	pejvo	dam	妃	pejvo
>>	prononc	音	basic	el	出	prep
=	propedeu^tik	预科	pejvo	prepar	备	basic
>>	proporci	比	basic	rilat	关	basic
=	proskrib	逐	pejvo	mal	反	pref
=	proskrib	逐	pejvo	ekster	外	prep
>>	prosper	荣	basic	sukces	成	basic
=	proviant	粮	pejvo	proviz	供	basic
>>	proz	散文	basic	banal	庸	basic
>>	proz	散文	basic	plat	扁	basic
>>	psalm	咏	pejvo	himn	颂	basic
>>	psalm	咏	pejvo	kant	唱	basic
=	pug	臀	pejvo	post	后	prep
>>	pul	蚤	pejvo	cim	臭虫	pejvo
>>	pul	蚤	pejvo	pedik	虫	pejvo
>>	pul	蚤	pejvo	lau^s	虫	piv
=	pup	偶	basic	gant	手套	basic
>>	purpur	紫	basic	viol	紫花	basic
>>	purpur	紫	basic	skarlat	红	pejvo
>>	rabi	狂	pejvo	akv	水	basic
=	radik	根	basic	radikal	彻	pejvo
=	radi	射	basic	radius	半径	pejvo
=	rangifer	驯鹿	pejvo	bo	姻	pref
=	rar	稀	pejvo	mal	反	pref
=	ras	种	sci	sub	下	prep
=	reakci	反应	basic	rea	美洲鸵	piv
=	reaktor	反应堆	pejvo	reakci	反应	basic
=	redakci	部	basic	redakt	编	basic
>>	re	再	pref	de	从	prep
>>	reflekt	反射	basic	refrakt	折	pejvo
=	reflekt	反射	basic	simetri	称	pejvo
=	reflektor	镜	pejvo	reflekt	反射	basic
=	registr	录	basic	ton	调	basic
=	regres	退	pejvo	mal	反	pref
=	reg^isor	导演	pejvo	en	内	prep
=	reklamaci	诉	pejvo	kompens	补	basic
>>	rekompenc	酬	basic	premi	奖	basic
>>	rekompenc	酬	basic	kompens	补	basic
>>	rekrement	渣	pejvo	fe	妖精	basic
>>	rekt	直	basic	vertikal	竖	basic
>>	rekt	直	basic	sen	无	prep
=	relikv	遗物	pejvo	sankt	圣	basic
=	remiz	库	pejvo	vetur	乘	basic
=	replik	驳	pejvo	re	再	pref
>>	replik	驳	pejvo	kopi	复	basic
>>	replik	驳	pejvo	signal	号	basic
=	reporter	记者	pejvo	raport	报	basic
>>	reprezali	报复	pejvo	ven	来	basic
=	repudi	离	pejvo	eks	旧	pref
=	respons	责	pejvo	respond	答	basic
=	resurekt	复活	pejvo	rev	幻	basic
>>	retrat	取	pejvo	re	再	pref
=	retret	退	pejvo	ret	网	basic
>>	revers	翻	pejvo	dors	背	basic
>>	revizor	审	pejvo	inspekt	检	pejvo
>>	rev	幻	basic	son	声	basic
>>	rev	幻	basic	dezir	欲	basic
>>	ricel	窝	pejvo	kas	库	basic
>>	rig	索	pejvo	ekip	备	basic
>>	rikan	讥	pejvo	mok	嘲	basic
>>	rikan	讥	pejvo	rid	笑	basic
=	rilaks	缓	pejvo	rel	轨	basic
>>	ripar	修	basic	re	再	pref
=	rip	肋	basic	nerv	神经	basic
=	ristorn	偿	pejvo	re	再	pref
>>	rival	敌	pejvo	konkur	竞	basic
>>	rivolu	转	basic	rotaci	旋	pejvo
=	rong^	啃	pejvo	mord	咬	basic
>>	rostr	鼻	pejvo	muzel	口鼻	basic
>>	rotaci	旋	pejvo	kirl	涡	pejvo
=	ruf	赤褐	pejvo	flav	黄	basic
=	rur	乡	pejvo	kamp	田	basic
>>	sacerdot	祭司	pejvo	pastr	牧	basic
=	sake	酒	pejvo	riz	米	basic
>>	sakr	骂	pejvo	blasfem	辱	basic
>>	sakrilegi	辱	pejvo	profan	俗	pejvo
>>	salamandr	蛙	pejvo	tri	三	num
>>	salam	腊肠	pejvo	kolbas	肠	basic
=	salpetr	硝	pejvo	kali	钾	elem
=	salping	卵管	pejvo	ov	卵	basic
>>	salut	问	basic	ad	行	suf
=	sangvin	乐	pejvo	sang	血	basic
>>	sekci	科	basic	fak	专	basic
=	seks	性	basic	genr	属	pejvo
=	sekular	俗	pejvo	ne	不	func
=	sekundar	次	pejvo	mez	中	basic
>>	sekv	随	basic	konsekvenc	果	basic
>>	semafor	号	pejvo	trafik	交	basic
=	semestr	期	pejvo	jard	码	pejvo
>>	semestr	期	pejvo	lern	学	basic
=	sem	种	basic	sperm	精液	pejvo
>>	separ	隔	pejvo	eks	旧	pref
>>	sepi	墨鱼	pejvo	loli	草	piv
>>	sepult	葬	pejvo	entom	虫	pejvo
>>	serp	割	pejvo	fal	落	basic
>>	serp	割	pejvo	rikolt	获	basic
=	silur	鱼	pejvo	kat	猫	basic
>>	simbol	符	basic	em	倾	suf
=	simpati	亲	basic	kun	共	prep
>>	sink	沉	pejvo	mal	反	pref
>>	sink	沉	pejvo	dron	溺	basic
=	sinkop	切分	pejvo	sven	昏	basic
>>	sinus	洞	pejvo	tangent	切	pejvo
=	sism	震	pejvo	ter	地	basic
=	situaci	况	basic	situ	位	basic
=	skafald	架	pejvo	trab	梁	sci
>>	skalar	标量	pejvo	vektor	矢量	pejvo
=	skal	度	basic	gam	阶	pejvo
>>	skalp	头皮	pejvo	kap	头	basic
>>	skandal	丑	basic	hont	耻	basic
=	skarab	甲	pejvo	kole	胆	piv
=	skrot	阴囊	pejvo	testik	丸	pejvo
>>	skurg^	鞭	pejvo	verg	枝	basic
=	sled	雪车	basic	glit	滑	basic
=	sodomi	肛交	pejvo	anus	肛	pejvo
>>	sokl	墩	pejvo	pied	足	basic
>>	solen	庄	basic	celebr	庆	basic
>>	sol	唯	basic	koloid	胶	pejvo
=	solvent	偿	pejvo	pag	付	basic
=	sor	腾	pejvo	supr	顶	basic
>>	sozi	替身	pejvo	du	二	num
>>	special	特	basic	apart	独	basic
>>	special	特	basic	fak	专	basic
>>	speci	种	pejvo	genr	属	pejvo
=	spekulaci	投机	pejvo	spekul	投	pejvo
>>	spert	验	basic	tra	穿	prep
=	spin	脊	pejvo	vertebr	椎	pejvo
=	spion	谍	pejvo	gvat	监	pejvo
=	spir	息	basic	el	出	prep
>>	spirit	灵	basic	anim	魂	basic
>>	spirit	灵	basic	fantom	幽	basic
>>	split	片	basic	fragment	碎	pejvo
=	spok	辐	pejvo	rad	轮	basic
=	spok	辐	pejvo	drat	线	basic
>>	sponsor	援	pejvo	reklam	宣	basic
=	spur	迹	basic	pied	足	basic
>>	stabil	稳	basic	meta	超	pejvo
>>	stabil	稳	basic	nest	巢	basic
>>	stabil	稳	basic	labil	易变	pejvo
=	stadi	阶	basic	stadion	赛场	basic
>>	stamen	雄蕊	basic	pist	捣	pejvo
>>	stang	杆	basic	baston	棒	basic
>>	stang	杆	basic	verg	枝	basic
=	stapl	囤	pejvo	stok	储	basic
=	stapl	囤	pejvo	kas	库	basic
=	start	起	basic	ek	始	pref
>>	stat	态	basic	situaci	况	basic
=	stereotip	套	pejvo	klis^	铸版	pejvo
=	sterling	镑	pejvo	bri	苔	piv
>>	stigmat	痕	pejvo	cikatr	疤	basic
=	stilz	跷	pejvo	pas	过	basic
=	stilz	跷	pejvo	stang	杆	basic
>>	stimul	激	basic	instig	唆	basic
>>	stimul	激	basic	vigl	活	basic
>>	stimul	激	basic	spron	刺	pejvo
>>	stoik	忍	pejvo	flegm	淡	pejvo
=	stov	炉	basic	hejt	热	basic
>>	strang	奇	basic	bi	生	pejvo
>>	strang	奇	basic	original	原	basic
>>	strang	奇	basic	ekstravaganc	怪	pejvo
>>	strang	奇	basic	fremd	异	basic
=	strangol	绞	pejvo	prem	压	basic
>>	strategi	略	pejvo	taktik	术	basic
>>	stratosfer	平流层	pejvo	troposfer	对流层	pejvo
=	stret	窄	pejvo	mal	反	pref
=	string	勒	pejvo	c^ir	卷须	piv
>>	stud	研	basic	esplor	探	basic
>>	stud	研	basic	lern	学	basic
>>	stuk	涂	pejvo	gips	石膏	pejvo
=	stumbl	绊	pejvo	fal	落	basic
>>	stumbl	绊	pejvo	mis	误	pref
>>	stumbl	绊	pejvo	licenc	许	basic
=	sturm	突	pejvo	kur	跑	basic
>>	subit	突	basic	ne	不	func
=	substitu	替	pejvo	ans	柄	pejvo
=	sugesti	暗示	pejvo	sugest	示	basic
=	sum	总	basic	resum	概	basic
>>	sumo	相扑	pejvo	lukt	搏	basic
=	supl	柔	pejvo	mal	反	pref
=	supl	柔	pejvo	fleks	弯	basic
=	surf	冲浪	pejvo	ond	波	basic
=	suspir	叹	pejvo	vesp	蜂	basic
=	svelt	苗条	pejvo	elegant	雅	basic
>>	s^am	鹿皮	pejvo	c^am	羚	pejvo
>>	s^ankr	毒疮	pejvo	ulcer	疮	pejvo
>>	s^ik	帅	pejvo	elegant	雅	basic
>>	s^ik	帅	pejvo	bon	良	basic
=	s^pur	距	pejvo	trak	轨	pejvo
=	s^utr	百叶窗	pejvo	fenestr	窗	basic
=	tabak	烟	basic	ni	我们	func
=	tabel	表	basic	tabul	板	basic
>>	tac^ment	遣	pejvo	team	队	basic
=	taks	评	basic	alte	立葵	pejvo
=	talent	才	basic	tal	距	piv
>>	tang	颠	pejvo	rul	卷	basic
>>	tang^	接	pejvo	tus	咳	basic
=	tard	迟	pejvo	mal	反	pref
=	tartr	酒石	pejvo	dent	齿	basic
=	tau^r	牡牛	pejvo	vir	男	basic
=	tegment	顶	basic	sub	下	prep
>>	tek	包	pejvo	paper	纸	basic
=	televizi	电视	pejvo	televid	视	basic
=	telfer	缆路	pejvo	kabl	缆	pejvo
=	temp	时	basic	port	运	basic
>>	tendenc	趋	basic	parti	党	basic
>>	tener	柔	basic	kares	抚	basic
=	tensi	压	pejvo	sang	血	basic
>>	teorem	定理	pejvo	aksiom	公理	pejvo
=	tepid	温	pejvo	varm	暖	basic
>>	terciar	三	pejvo	sekundar	次	pejvo
>>	teren	地	basic	kamp	田	basic
=	termin	词	basic	fak	专	basic
>>	tern	喷	basic	tus	咳	basic
>>	terur	恐	basic	tim	怕	basic
=	tetra	野鸡	pejvo	bonazi	鸟	piv
=	tez	题	basic	disertaci	论文	pejvo
=	tial	那因	correl	kial	何因	correl
=	tiel	那样	correl	tia	那	correl
=	tiel	那样	correl	tiam	那时	correl
>>	tif	疹	pejvo	par	偶	basic
=	tim	怕	basic	ant	在	suf
=	timid	怯	pejvo	sin	怀	basic
=	timpan	鼓室	pejvo	timbal	鼓	pejvo
=	tin	桶	pejvo	lign	木	basic
>>	tir	拉	basic	tond	剪	basic
=	toast	烤包	pejvo	rost	烤	basic
=	ton	调	basic	tonik	主	pejvo
>>	tord	拧	basic	fleks	弯	basic
>>	tord	拧	basic	tir	拉	basic
>>	tort	饼	basic	flan	蛋奶	pejvo
>>	tort	饼	basic	past	糊	basic
>>	total	总	basic	komplet	全	basic
>>	total	总	basic	tut	整	basic
>>	trafik	交	basic	trans	越	prep
=	tragik	悲剧	basic	tragedi	悲	basic
>>	trah^e	气管	pejvo	bronk	支	pejvo
>>	trajn	车	basic	vagon	厢	basic
=	trak	轨	pejvo	tra	穿	prep
>>	tramp	游	pejvo	c^i	此	func
>>	tramp	游	pejvo	vag	荡	basic
=	transpon	转	pejvo	ali	别	basic
>>	trau^mat	创	pejvo	vund	伤	basic
>>	trau^mat	创	pejvo	psik	心	sci
>>	tribunal	法院	basic	jug	束缚	basic
>>	trimestr	季	pejvo	tri	三	num
>>	trimestr	季	pejvo	kvar	四	num
>>	trimestr	季	pejvo	lern	学	basic
=	trist	悲	pejvo	mal	反	pref
>>	trivial	卑	pejvo	vulgar	俗	basic
=	trop	喻	pejvo	vort	词	basic
=	trumpet	小号	basic	distr	散	basic
=	tuc^	墨	pejvo	lav	洗	basic
=	tuc^	墨	pejvo	c^i	此	func
>>	turbul	乱	pejvo	lamen	片	basic
=	turment	虐	basic	tortur	拷	pejvo
=	turne	巡	pejvo	rond	圆	basic
=	umbilik	脐	pejvo	hil	蛙	pejvo
=	unik	独	basic	unu	一	num
>>	uni	联	basic	unu	一	num
>>	uni	联	basic	kon	认	basic
=	unit	单位	pejvo	unu	一	num
>>	universitat	学	basic	alt	高	basic
=	ureter	输尿管	pejvo	urin	尿	basic
=	uretr	尿道	pejvo	urin	尿	basic
>>	uta	歌	pejvo	tank	战车	pejvo
>>	uzur	高利	pejvo	procent	率	basic
>>	vac^	值	pejvo	de	从	prep
>>	vagon	厢	basic	lokomotiv	机车	basic
>>	vak	空	basic	neo	新	pejvo
>>	vak	空	basic	liber	自由	basic
>>	vak	空	basic	dispon	处	basic
>>	vakcin	疫苗	basic	inokul	种	pejvo
=	val	谷	basic	basen	盆	pejvo
>>	valut	币	basic	deviz	铭	pejvo
>>	vampir	吸血鬼	pejvo	desmod	兽	piv
>>	var	货	basic	komerc	商	basic
>>	var	货	basic	artik	节	basic
>>	varp	经	pejvo	veft	纬	pejvo
>>	vaz	器	basic	pot	壶	basic
>>	vaz	器	basic	pelv	盆	basic
>>	vaz	器	basic	kruc	十字	basic
=	vaz	器	basic	angi	脉	pejvo
=	vegan	素	pejvo	veget	茂	basic
=	vegetal	植	basic	veget	茂	basic
=	vel	帆	basic	palat	口顶	basic
=	vener	性病	pejvo	seks	性	basic
>>	vepr	丛	pejvo	dorn	刺	basic
>>	vepr	丛	pejvo	arbust	灌木	pejvo
>>	verdikt	判	pejvo	jug	束缚	basic
>>	ver	真	basic	verd	绿	basic
>>	vermic^el	粉丝	pejvo	spaget	面	pejvo
=	vertig^	晕	pejvo	sent	感	basic
=	vertig^	晕	pejvo	kapt	捕	basic
>>	veteran	老	basic	eks	旧	pref
=	veterinar	兽医	pejvo	best	兽	basic
>>	veter	气	basic	klimat	气候	basic
=	vezik	囊	basic	aer	气	basic
=	viadukt	旱桥	basic	val	谷	basic
>>	vigl	活	basic	rapid	速	basic
>>	vigl	活	basic	observ	观	basic
>>	viktim	牺	basic	ofer	献	basic
=	vintr	冬	basic	tra	穿	prep
=	violent	暴	pejvo	perfor	穿	piv
=	viper	蛇	pejvo	vipur	毒蛇	pejvo
>>	vip	鞭	basic	verg	枝	basic
>>	virtuoz	匠	pejvo	majstr	师	basic
=	viscer	脏	pejvo	intern	内	basic
>>	viskoz	粘	pejvo	raj	鱼	pejvo
=	vit	葡	basic	vin	酒	basic
=	vitriol	矾	pejvo	sulf	硫	sci
>>	vol	愿	basic	konsci	觉	basic
=	volatil	挥发	pejvo	vapor	汽	basic
=	volont	愿	basic	mem	自	func
>>	volovan	酥盒	pejvo	past	糊	basic
=	vor	贪食	pejvo	mang	芒果	pejvo
=	vring	拧	pejvo	prem	压	basic
=	vultur	秃鹰	basic	kon	认	basic
=	zelot	迷	pejvo	fanatik	狂	pejvo
>>	zepelin	硬式飞艇	pejvo	aer	气	basic
=	zip	拉链	pejvo	fulm	闪	basic
>>	zodiak	黄道	pejvo	ek	始	pref
=	altitud	高	pejvo	absolut	绝	basic
>>	mis	误	pref	erar	错	basic
=	vort	词	basic	dir	说	basic
=	astaten	卤	piv	astat	无定	pejvo
=	bajonet	刺刀	pejvo	stift	销	pejvo
=	batrak	蛙	pejvo	amfibi	两栖	pejvo
=	bostrik	虫	piv	skorpi	蝎	basic
=	ekvipotencial	等势	piv	egal	等	basic
=	entjer	整	pejvo	cifer	数	basic
=	fals	伪	basic	mal	反	pref
=	femin	女	pejvo	vir	男	basic
=	filari	丝虫	piv	vukeri	虫	piv
=	fit	植	pejvo	salp	海桶	piv
=	fit	植	pejvo	akv	水	basic
=	flog	木	piv	floks	草	piv
=	foni	声	pejvo	radi	射	basic
=	format	版	basic	prepar	备	basic
=	grosulari	木	piv	gros	醋栗	pejvo
=	heksagon	六角	piv	regul	规	basic
=	heksagon	六角	piv	ses	六	num
=	holoste	硬骨	piv	holost	草	piv
=	impregn	浸	piv	fekund	肥	basic
=	klad	支	piv	filum	门	piv
=	klast	屑	piv	detrit	碎屑	piv
=	kori	绒膜	piv	derm	皮	sci
=	korm	茎叶体	piv	firma	商	basic
=	koroid	脉膜	pejvo	kori	绒膜	piv
=	kvik	麦草	piv	kvivit	鸣	piv
=	le	背风	piv	mal	反	pref
=	ligatur	结扎	piv	lig	结	basic
=	mish^ant	草	piv	mis	误	pref
=	mitral	机枪	pejvo	mitr	冠	pejvo
=	opt	视	piv	talam	丘脑	piv
=	plumbag	草	piv	grafit	石墨	pejvo
=	poefag	牛	piv	grunt	哼	pejvo
=	provincial	省	pejvo	orden	修会	pejvo
=	ruf	赤褐	pejvo	ferdek	甲板	pejvo
=	skop	镜	sci	s^kop	勺	piv
=	tak	倾	piv	board	迎风	pejvo
=	trigon	三角	piv	romb	菱	pejvo
