最終形	識別子	漢字	語根	型	F(汎用性)	グループ数	基本形
生		生	nask	content	68	9	✓
生ᴳ	g	生	gen	sci	65	9	
生ᴮ	b	生	bio	sci	44	9	
生ᴼ	o	生	okaz	content	28	9	
生ᴮᴵ	bi	生	bi	pejvo	20	9	
生ᴳᴺ	gn	生	gener	pejvo	18	9	
生ᴾ	p	生	poez	pejvo	6	9	
生ᴾᴸ	pl	生	plazi	pejvo	5	9	
生ᴮᴸ	bl	生	biologi	content	0	9	
车		车	aŭt	content	61	8	✓
车ᵀ	t	车	trajn	content	19	8	
车ᴮ	b	车	bicikl	content	11	8	
车ᴮˢ	bs	车	bus	content	10	8	
车ᵀᴿ	tr	车	torn	pejvo	10	8	
车ᴷ	k	车	kales^	pejvo	10	8	
车ᴷᴹ	km	车	kamion	content	9	8	
车ᴬ	a	车	aŭtomobil	content	0	8	
学		学	logi	suf	233	7	✓
学ᴸ	l	学	lern	content	78	7	
学ᴺ	n	学	nomi	suf	19	7	
学ˢ	s	学	student	content	15	7	
学ᴵ	i	学	ik	pejvo	12	7	
学ᵁ	u	学	universitat	content	9	7	
学ᴸᴺ	ln	学	lingvistik	content	8	7	
散		散	dis	pref	205	7	✓
散ᴰ	d	散	distr	content	12	7	
散ᴰⱽ	dv	散	diverg^	pejvo	10	7	
散ᴰˢ	ds	散	dispers	pejvo	8	7	
散ᴰᶠ	df	散	difuz	pejvo	6	7	
散ᴱ	e	散	eman	pejvo	6	7	
散ᴾ	p	散	proz	content	5	7	
射		射	radi	content	120	7	✓
射ᴾ	p	射	paf	content	46	7	
射ᴾᴿ	pr	射	projekci	pejvo	12	7	
射ᴬ	a	射	aktin	pejvo	9	7	
射ᴶ	j	射	jekci	pejvo	7	7	
射ᴵ	i	射	incid	pejvo	7	7	
射ˢ	s	射	s^ot	pejvo	6	7	
装		装	ŝarg	content	43	7	✓
装ᴷ	k	装	kostum	content	14	7	
装ᴹ	m	装	munt	content	14	7	
装ᴬ	a	装	afekt	pejvo	14	7	
装ᴵ	i	装	instal	content	13	7	
装ᴮ	b	装	bind	content	12	7	
装ᴳ	g	装	garn	content	4	7	
板		板	tabul	content	49	7	✓
板ᴸ	l	板	lad	content	30	7	
板ᴷ	k	板	karton	content	13	7	
板ᴾ	p	板	plak	pejvo	12	7	
板ᴮ	b	板	bret	content	10	7	
板ᴾᴺ	pn	板	panel	pejvo	8	7	
板ᴾᴸ	pl	板	plank	content	8	7	
分		分	divid	content	28	7	✓
分ᴹ	m	分	molekul	content	12	7	
分ᶠ	f	分	frakci	content	8	7	
分ᴱ	e	分	ekvinoks	pejvo	8	7	
分ᴹᴺ	mn	分	minut	content	7	7	
分ᴳ	g	分	gros^	pejvo	6	7	
分ᴼ	o	分	on	suf	0	7	
管		管	tub	content	81	6	✓
管ᴬ	a	管	administr	content	14	6	
管ᴰ	d	管	dukt	pejvo	12	6	
管ᴵ	i	管	intendant	pejvo	7	6	
管ᴬᴰ	ad	管	administraci	pejvo	7	6	
管ˢ	s	管	s^alm	pejvo	6	6	
球		球	glob	content	37	6	✓
球ˢ	s	球	sfer	content	29	6	
球ᴾ	p	球	pilk	content	20	6	
球ᴮ	b	球	bulb	content	14	6	
球ᴮᴸ	bl	球	balon	content	9	6	
球ᶠ	f	球	futbal	content	6	6	
形		形	form	content	222	6	✓
形ᴹ	m	形	morf	sci	49	6	
形ᶠ	f	形	figur	content	28	6	
形ᴹᴿ	mr	形	morfi	pejvo	13	6	
形ᶠᴿ	fr	形	formal	content	12	6	
形ᴬ	a	形	adjektiv	content	2	6	
合		合	konform	content	21	6	✓
合ᴷ	k	合	kombin	content	19	6	
合ˢ	s	合	sintez	pejvo	15	6	
合ᴷᴸ	kl	合	kluc^	pejvo	14	6	
合ᴸ	l	合	lili	content	8	6	
合ᴷᴺ	kn	合	kongru	pejvo	6	6	
主		主	mastr	content	37	6	✓
主ᴾ	p	主	prezid	content	13	6	
主ˢ	s	主	subjekt	content	7	6	
主ᴾᴿ	pr	主	precip	content	3	6	
主ᴺ	n	主	nominativ	content	1	6	
主ˢᴮ	sb	主	subjektiv	content	0	6	
表		表	esprim	content	28	6	✓
表ᴱ	e	表	epi	pref	24	6	
表ᵀ	t	表	tabel	content	24	6	
表ᴸ	l	表	list	content	22	6	
表ᴱᵀ	et	表	etat	content	5	6	
表ᴿ	r	表	reprezent	content	0	6	
气		气	aer	content	95	6	✓
气ᴳ	g	气	gas	content	84	6	
气ᴼ	o	气	odor	content	26	6	
气ⱽ	v	气	veter	content	20	6	
气ᴬ	a	气	atmosfer	content	10	6	
气ᴹ	m	气	meteo	pejvo	9	6	
团		团	mas	content	36	6	✓
团ᴳ	g	团	grup	content	26	6	
团ᴮ	b	团	bul	content	23	6	
团ᵀ	t	团	trup	content	20	6	
团ˢ	s	团	solidar	content	4	6	
团ᴿ	r	团	regiment	content	3	6	
极		极	polus	sci	32	6	✓
极ᴾ	p	极	polar	sci	25	6	
极ᴱ	e	极	ekstrem	content	21	6	
极ᵁ	u	极	ultra	pejvo	10	6	
极ᴹ	m	极	maksimum	content	10	6	
极ᴬ	a	极	arkt	content	5	6	
热		热	hejt	content	23	6	✓
热ᵀ	t	热	tropik	content	22	6	
热ᵀᴿ	tr	热	termik	pejvo	9	6	
热ᴱ	e	热	entuziasm	content	9	6	
热ᶠ	f	热	fervor	content	8	6	
热ᶠᴿ	fr	热	furor	pejvo	7	6	
现		现	fenomen	content	22	6	✓
现ᴬ	a	现	aper	content	19	6	
现ᴺ	n	现	nun	func	14	6	
现ᴹ	m	现	modern	content	10	6	
现ᴬᴷ	ak	现	aktual	content	10	6	
现ᴷ	k	现	kontant	content	8	6	
证		证	atest	content	19	6	✓
证ᴰ	d	证	diplom	content	14	6	
证ᴾ	p	证	pruv	content	9	6	
证ⱽ	v	证	viz	content	9	6	
证ᴰᴹ	dm	证	demonstr	pejvo	8	6	
证ᴷ	k	证	kvitanc	content	3	6	
顶		顶	supr	content	58	6	✓
顶ᵀ	t	顶	tegment	content	19	6	
顶ᴷ	k	顶	kulmin	pejvo	5	6	
顶ᴾ	p	顶	plafon	content	4	6	
顶ⱽ	v	顶	vert	content	3	6	
顶ⱽᴿ	vr	顶	vertic	content	1	6	
委		委	komitat	content	16	5	✓
委ᴷ	k	委	komisi	content	13	5	
委ᴷᴹ	km	委	komision	content	10	5	
委ᴰ	d	委	deleg	content	8	5	
委ᴹ	m	委	mandat	content	7	5	
院		院	kort	content	19	5	✓
院ᵀ	t	院	tribunal	content	9	5	
院ᴬ	a	院	akademi	content	5	5	
院ᴵ	i	院	institut	content	4	5	
院ᴷ	k	院	kolegi	content	4	5	
科		科	scienc	content	56	5	✓
科ᴱ	e	科	ed	pejvo	17	5	
科ᴬ	a	科	ac	pejvo	8	5	
科ᴷ	k	科	kirurgi	content	6	5	
科ˢ	s	科	sekci	content	4	5	
角		角	angul	content	85	5	✓
角ᴷ	k	角	korn	content	33	5	
角ᴼ	o	角	ort	content	17	5	
角ᴷᴿ	kr	角	kerat	pejvo	5	5	
角ᴳ	g	角	goni	pejvo	5	5	
器		器	uj	suf	414	5	✓
器ᴼ	o	器	organ	content	59	5	
器ᴬ	a	器	aparat	content	28	5	
器ᴵ	i	器	instrument	content	17	5	
器ⱽ	v	器	vaz	content	17	5	
机		机	maŝin	content	88	5	✓
机ˢ̂	ŝ	机	ŝanc	content	8	5	
机ᴹ	m	机	meh^an	pejvo	6	5	
机ᴴ	h	机	helikopter	content	1	5	
机ᴹᴴ̂	mĥ	机	meĥanism	content	0	5	
菌		菌	fung	content	42	5	✓
菌ᴮ	b	菌	bakteri	content	36	5	
菌ᴹ	m	菌	micet	pejvo	17	5	
菌ᴮᶜ	bc	菌	bacil	content	7	5	
菌ᴹᴷ	mk	菌	miko	pejvo	6	5	
幻		幻	rev	content	20	5	✓
幻ᴵ	i	幻	iluzi	content	11	5	
幻ᶠ	f	幻	fantazi	content	9	5	
幻ᴴ	h	幻	halucin	pejvo	8	5	
幻ᴴ^	h^	幻	h^imer	pejvo	5	5	
市		市	urb	content	72	5	✓
市ᴹ	m	市	merkat	content	25	5	
市ᶜ	c	市	civit	content	15	5	
市ᴮ	b	市	bors	content	13	5	
市ᴮᶻ	bz	市	bazar	content	13	5	
脂		脂	gras	content	36	5	✓
脂ᴿ	r	脂	rezin	pejvo	12	5	
脂ᴸ	l	脂	lard	content	11	5	
脂ˢ	s	脂	seb	pejvo	8	5	
脂ᴸᴾ	lp	脂	lipid	pejvo	7	5	
色		色	kolor	content	106	5	✓
色ᴷ	k	色	kromat	pejvo	15	5	
色ⱽ	v	色	volupt	content	13	5	
色ᴱ	e	色	erot	pejvo	5	5	
色ᴱᴿ	er	色	erotik	content	3	5	
信		信	kred	content	49	5	✓
信ᴸ	l	信	leter	content	45	5	
信ᶠ	f	信	fid	content	19	5	
信ᴷ	k	信	konfid	content	11	5	
信ᴹ	m	信	mesaĝ	content	7	5	
心		心	kor	content	62	5	✓
心ᴾ	p	心	psik	sci	37	5	
心ᴷ	k	心	kardi	sci	18	5	
心ᴹ	m	心	mens	content	16	5	
心ᴾˢ	ps	心	psikologi	content	0	5	
旋		旋	spiral	pejvo	14	5	✓
旋ᴿ	r	旋	rotaci	pejvo	12	5	
旋ᴾ	p	旋	pivot	pejvo	8	5	
旋ᴳ	g	旋	gir	pejvo	5	5	
旋ᶜ	c	旋	ciklon	pejvo	5	5	
地		地	ter	content	142	5	✓
地ᴳ	g	地	geo	pref	49	5	
地ᵀ	t	地	teren	content	14	5	
地ᵀᴾ	tp	地	topo	pejvo	8	5	
地ᴳᴳ	gg	地	geografi	content	0	5	
糖		糖	suker	content	39	5	✓
糖ˢ	s	糖	sakarid	pejvo	9	5	
糖ᴷ	k	糖	kand	pejvo	5	5	
糖ᴷᴺ	kn	糖	konfit	content	5	5	
糖ᴮ	b	糖	bombon	content	4	5	
特		特	special	content	11	5	✓
特ˢ	s	特	specif	content	9	5	
特ᴱ	e	特	ekstr	content	6	5	
特ᵀ	t	特	trajt	content	1	5	
特ᴷ	k	特	karakteriz	content	0	5	
能		能	iv	suf	126	5	✓
能ᴾ	p	能	pov	content	58	5	
能ᴱ	e	能	energi	content	55	5	
能ᴷ	k	能	kapabl	content	29	5	
能ᴷᴹ	km	能	kompetent	content	8	5	
皮		皮	haŭt	content	37	5	✓
皮ᴰ	d	皮	derm	sci	22	5	
皮ᶠ	f	皮	fel	content	17	5	
皮ᴾ	p	皮	pelt	content	9	5	
皮ᴰᴿ	dr	皮	dermat	pejvo	5	5	
服		服	konvink	content	12	5	✓
服ᴼ	o	服	obe	content	11	5	
服ᴶ	j	服	jak	content	8	5	
服ᵁ	u	服	uniform	content	6	5	
服ᴾ	p	服	persvad	pejvo	5	5	
文		文	tekst	content	27	5	✓
文ᴸ	l	文	literatur	content	17	5	
文ᴷ	k	文	kler	content	11	5	
文ᴬ	a	文	artikol	content	7	5	
文ᴮ	b	文	beletr	pejvo	5	5	
包		包	pan	content	54	5	✓
包ᴾ	p	包	pak	content	32	5	
包ᵀ	t	包	tek	pejvo	8	5	
包ᴮ	b	包	bulk	content	7	5	
包ᴮᴺ	bn	包	bandaĝ	content	5	5	
魔		魔	sorĉ	content	20	5	✓
魔ᴰ	d	魔	diabl	content	14	5	
魔ᴹ	m	魔	magi	content	10	5	
魔ᴰᴹ	dm	魔	demon	pejvo	8	5	
魔ˢ	s	魔	satan	content	7	5	
名		名	nom	content	80	5	✓
名ᶠ	f	名	fam	content	21	5	
名ᴼ	o	名	onim	pejvo	12	5	
名ᴺ	n	名	nominal	pejvo	5	5	
名ˢ	s	名	substantiv	content	5	5	
面		面	edr	sci	22	5	✓
面ˢ	s	面	surfac	content	17	5	
面ᴬ	a	面	are	pejvo	10	5	
面ᶠ	f	面	fac	content	7	5	
面ᴺ	n	面	nudel	pejvo	5	5	
理		理	trakt	content	17	5	✓
理ᴾ	p	理	prav	content	12	5	
理ᴿ	r	理	raci	content	11	5	
理ᴿᶜ	rc	理	racional	pejvo	9	5	
理ᴸ	l	理	logik	content	6	5	
册		册	kajer	content	9	5	✓
册ᴮ	b	册	broŝur	content	6	5	
册ᴱ	e	册	ekzempler	content	5	5	
册ⱽ	v	册	volum	content	3	5	
册ᴬ	a	册	album	content	3	5	
脉		脉	vejn	content	14	5	✓
脉ᴾ	p	脉	puls	pejvo	10	5	
脉ᴬ	a	脉	angi	pejvo	9	5	
脉ⱽ	v	脉	vaskul	pejvo	7	5	
脉ᴬᴿ	ar	脉	arteri	content	6	5	
养		养	nutr	content	40	5	✓
养ᴮ	b	养	bred	content	15	5	
养ⱽ	v	养	vart	content	12	5	
养ᵀ	t	养	trofi	pejvo	11	5	
养ᴾ	p	养	pensi	content	8	5	
减		减	redukt	content	14	5	✓
减ᴿ	r	减	rabat	content	10	5	
减ᴰ	d	减	diskont	pejvo	6	5	
减ᴹ	m	减	minus	func	5	5	
减ˢ	s	减	subtrah	content	3	5	
剧		剧	teatr	content	21	5	✓
剧ᴰ	d	剧	dram	content	10	5	
剧ᴷ	k	剧	komedi	content	9	5	
剧ᶠ	f	剧	fars	pejvo	6	5	
剧ˢ	s	剧	skeĉ	content	1	5	
动		动	mov	content	100	5	✓
动ᴹ	m	动	motor	content	35	5	
动ᴬ	a	动	aŭtomat	content	18	5	
动ⱽ	v	动	verb	content	11	5	
动ᴷ	k	动	kinez	pejvo	7	5	
复		复	kopi	content	31	5	✓
复ᴿ	r	复	ripet	content	13	5	
复ᴷ	k	复	kompleks	content	12	5	
复ᴷᴹ	km	复	komplik	content	9	5	
复ᴿˢ	rs	复	restau^r	pejvo	5	5	
带		带	zon	content	43	5	✓
带ᴮ	b	带	bend	content	35	5	
带ᴿ	r	带	rimen	content	14	5	
带ᴿᴮ	rb	带	ruband	content	13	5	
带ᴸ	l	带	laĉ	content	6	5	
报		报	gazet	content	30	5	✓
报ᴿ	r	报	raport	content	19	5	
报ᴮ	b	报	bulten	content	4	5	
报ᵀᴸ	tl	报	telegram	content	0	5	
报ᵀ	t	报	telegraf	content	0	5	
检		检	kontrol	content	33	5	✓
检ᴱ	e	检	ekzamen	content	31	5	
检ᴰ	d	检	detekt	pejvo	12	5	
检ᴵ	i	检	inspekt	pejvo	7	5	
检ᴵᴺ	in	检	inspektor	content	1	5	
电		电	elektr	content	161	5	✓
电ᴳ	g	电	galvan	pejvo	12	5	
电ᴾ	p	电	pil	content	7	5	
电ᴱ	e	电	elektronik	content	7	5	
电ᴮ	b	电	bateri	content	3	5	
确		确	cert	content	18	5	✓
确ᴰ	d	确	definitiv	pejvo	8	5	
确ᴷ	k	确	konfirm	content	6	5	
确ᴷᴺ	kn	确	konstat	content	3	5	
确ᴶ	j	确	ja	func	1	5	
种		种	sem	content	33	5	✓
种ˢ	s	种	spec	content	24	5	
种ᴿ	r	种	ras	sci	20	5	
种ˢᴾ	sp	种	speci	pejvo	13	5	
种ᴵ	i	种	inokul	pejvo	5	5	
结		结	lig	content	49	5	✓
结ᴺ	n	结	nod	content	18	5	
结ᵀ	t	结	tuberkul	pejvo	7	5	
结ᴷ	k	结	konklud	content	6	5	
结ᴮ	b	结	bant	content	3	5	
胶		胶	glu	content	32	5	✓
胶ᴳ	g	胶	gum	content	19	5	
胶ᴷ	k	胶	kaŭĉuk	content	17	5	
胶ᶜ	c	胶	cement	content	11	5	
胶ᴷᴸ	kl	胶	koloid	pejvo	5	5	
节		节	silab	content	23	5	✓
节ᴬ	a	节	artik	content	19	5	
节ᴰ	d	节	diet	content	10	5	
节ᴬᴿ	ar	节	artr	pejvo	9	5	
节ˢ	s	节	strof	content	3	5	
记		记	graf	sci	123	5	✓
记ᴹ	m	记	memor	content	51	5	
记ᴺ	n	记	not	content	26	5	
记ᴶ̂	ĵ	记	ĵurnal	content	10	5	
记ᴿ	r	记	rekord	content	9	5	
调		调	ton	content	33	5	✓
调ᴬ	a	调	agord	content	13	5	
调ᴹ	m	调	modul	pejvo	11	5	
调ᵀ	t	调	tonal	pejvo	9	5	
调ᴷ	k	调	klimatiz	content	0	5	
转		转	turn	content	62	5	✓
转ᴳ̂	ĝ	转	ĝir	content	20	5	
转ᴷ	k	转	konvert	pejvo	12	5	
转ᴿ	r	转	rivolu	content	7	5	
转ᴿᴸ	rl	转	relajs	pejvo	6	5	
镜		镜	skop	sci	89	5	✓
镜ˢ	s	镜	spegul	content	22	5	
镜ᴸ	l	镜	lens	pejvo	16	5	
镜ᴸᴾ	lp	镜	lupe	content	1	5	
镜ᵀ	t	镜	teleskop	content	0	5	
风		风	vent	content	81	5	✓
风ˢ	s	风	stil	content	27	5	
风ᴱ	e	风	esk	pejvo	11	5	
风ⱽ	v	风	ventol	pejvo	6	5	
风ᵀ	t	风	tajfun	content	2	5	
意		意	senc	content	36	4	✓
意ᴵ	i	意	ide	content	31	4	
意ˢ	s	意	signif	content	15	4	
意ᴵᴺ	in	意	intenc	content	12	4	
印		印	pres	content	44	4	✓
印ˢ	s	印	stamp	content	18	4	
印ˢᴳ	sg	印	sigel	content	15	4	
印ᴵ	i	印	impres	content	10	4	
因		因	ĉar	func	35	4	✓
因ᴷ	k	因	kaŭz	content	18	4	
因ᴾ	p	因	pro	prep	17	4	
因ᶠ	f	因	faktor	content	8	4	
果		果	frukt	content	65	4	✓
果ᴿ	r	果	rezult	content	14	4	
果ᴺ	n	果	nuks	content	14	4	
果ᴷ	k	果	konsekvenc	content	11	4	
解		解	kompren	content	35	4	✓
解ˢ	s	解	solv	content	31	4	
解ᴸ	l	解	liz	suf	19	4	
解ᴰ	d	解	disoci	pejvo	5	4	
滑		滑	glit	content	45	4	✓
滑ᴳ	g	滑	glat	content	14	4	
滑ˢ	s	滑	ski	content	12	4	
滑ˢᴷ	sk	滑	sket	pejvo	5	4	
冠		冠	kron	content	49	4	✓
冠ᴷ	k	冠	krest	content	10	4	
冠ᴹ	m	冠	mitr	pejvo	5	4	
冠ᶜ̂	ĉ	冠	ĉampion	content	5	4	
感		感	sent	content	52	4	✓
感ˢ	s	感	sens	content	33	4	
感ᴱ	e	感	estez	suf	19	4	
感ᴵ	i	感	induk	pejvo	10	4	
技		技	teknik	content	26	4	✓
技ᴵ	i	技	inĝenier	content	12	4	
技ᵀ	t	技	teknologi	content	7	4	
技ᵀᴴ̂	tĥ	技	teĥnik	content	2	4	
客		客	gast	content	24	4	✓
客ᴾ	p	客	pasaĝer	content	9	4	
客ᴷ	k	客	klient	content	3	4	
客ᴼ	o	客	objektiv	content	0	4	
吸		吸	suĉ	content	36	4	✓
吸ˢ	s	吸	sorb	content	30	4	
吸ᴬ	a	吸	absorb	pejvo	6	4	
吸ᴵ	i	吸	inhal	pejvo	5	4	
狂		狂	mani	content	28	4	✓
狂ᶠ	f	狂	furioz	content	9	4	
狂ᴰ	d	狂	delir	content	6	4	
狂ᴿ	r	狂	rabi	pejvo	6	4	
琴		琴	pian	content	12	4	✓
琴ᴴ	h	琴	harmonik	pejvo	7	4	
琴ᴸ	l	琴	lir	pejvo	5	4	
琴ᴴᴿ	hr	琴	harp	pejvo	5	4	
金		金	or	content	61	4	✓
金ᴹ	m	金	metal	content	33	4	
金ⱽ	v	金	vendred	cal	4	4	
金ᴮ	b	金	blond	content	3	4	
偶		偶	par	content	32	4	✓
偶ᴾ	p	偶	pup	content	11	4	
偶ᴴ	h	偶	hazard	content	8	4	
偶ᴱ	e	偶	eventual	content	7	4	
原		原	pra	pref	66	4	✓
原ᴼ	o	原	original	content	9	4	
原ᴾ	p	原	proto	pejvo	6	4	
原ᴾᴿ	pr	原	primitiv	content	3	4	
己		己	si	func	95	4	✓
己ᴾ	p	己	propr	content	32	4	
己ᴾᴿ	pr	己	propriet	pejvo	8	4	
己ᴱ	e	己	egoist	content	0	4	
口		口	buŝ	content	33	4	✓
口ˢ	s	口	stomat	pejvo	6	4	
口ᶠ	f	口	faŭk	content	5	4	
口ᴸ	l	口	luk	content	4	4	
抗		抗	anti	pref	55	4	✓
抗ᴿ	r	抗	rezist	content	28	4	
抗ᴾ	p	抗	protest	content	11	4	
抗ᴾᴿ	pr	抗	protestant	content	0	4	
香		香	spic	content	12	4	✓
香ᴬ	a	香	arom	pejvo	10	4	
香ᴵ	i	香	incens	pejvo	10	4	
香ᴾ	p	香	parfum	content	6	4	
算		算	kalkul	content	48	4	✓
算ᴷ	k	算	komput	content	37	4	
算ᴬ	a	算	aritmetik	pejvo	7	4	
算ᴮ	b	算	budĝet	content	1	4	
使		使	ig	suf	2032	4	✓
使ᴬ	a	使	ambasador	content	5	4	
使ᴬᴹ	am	使	ambasad	content	3	4	
使ᴬᴾ	ap	使	apostol	content	2	4	
支		支	apog	content	23	4	✓
支ᴮ	b	支	bronk	pejvo	8	4	
支ᴷ	k	支	klad	pejvo	5	4	
支ᶠ	f	支	fili	content	3	4	
事		事	afer	content	24	4	✓
事ᴷ	k	事	ke	func	9	4	
事ᶠ	f	事	fakt	content	4	4	
事ᴱ	e	事	event	content	3	4	
式		式	manier	content	27	4	✓
式ᴹ	m	式	mod	content	14	4	
式ᶜ	c	式	ceremoni	content	12	4	
式ᶠ	f	式	formul	content	6	4	
斜		斜	klin	content	38	4	✓
斜ᴰ	d	斜	dekliv	content	13	4	
斜ᴼ	o	斜	oblikv	content	8	4	
斜ˢ	s	斜	strab	pejvo	7	4	
社		社	soci	content	29	4	✓
社ˢ	s	社	social	content	21	4	
社ˢᶜ	sc	社	societ	content	14	4	
社ᴷ	k	社	klub	content	14	4	
酒		酒	vin	content	68	4	✓
酒ᴮ	b	酒	bier	content	20	4	
酒ᴮᴿ	br	酒	brand	content	11	4	
酒ᴸ	l	酒	likvor	pejvo	9	4	
集		集	kolekt	content	40	4	✓
集ᴷ	k	集	koncentr	content	12	4	
集ᶠ	f	集	foir	content	9	4	
集ᴷᴸ	kl	集	kolektiv	content	0	4	
十		十	dek	num	65	4	✓
十ᴷ	k	十	kruc	content	59	4	
十ᴰ	d	十	decimal	pejvo	6	4	
十ᴰᴷ	dk	十	deka	pejvo	5	4	
情		情	pati	suf	30	4	✓
情ᴴ	h	情	humor	content	18	4	
情ᴱ	e	情	emoci	content	11	4	
情ᴾ	p	情	pasi	content	7	4	
植		植	plant	content	75	4	✓
植ᶠ	f	植	fit	pejvo	10	4	
植ᴮ	b	植	botanik	content	9	4	
植ⱽ	v	植	vegetal	content	5	4	
人		人	hom	content	90	4	✓
人ᴾ	p	人	person	content	30	4	
人ᴬ	a	人	antrop	pejvo	16	4	
人ᴼ	o	人	oni	func	8	4	
星		星	stel	content	46	4	✓
星ᴬ	a	星	astr	content	17	4	
星ˢ	s	星	satelit	content	10	4	
星ᴾ	p	星	planed	content	8	4	
正		正	pozitiv	content	25	4	✓
正ᴳ̂	ĝ	正	ĝust	content	21	4	
正ᴺ	n	正	normal	content	14	4	
正ᴸ	l	正	legitim	pejvo	7	4	
宣		宣	reklam	content	21	4	✓
宣ᴬ	a	宣	anonc	content	15	4	
宣ᴰ	d	宣	deklar	content	11	4	
宣ᴾ	p	宣	proklam	pejvo	6	4	
租		租	lu	content	17	4	✓
租ᶠ	f	租	farm	content	11	4	
租ᶜ	c	租	c^art	pejvo	9	4	
租ᴿ	r	租	rent	content	3	4	
操		操	operaci	content	19	4	✓
操ᴳ	g	操	gimnastik	content	8	4	
操ᴹ	m	操	manovr	content	6	4	
操ᴹᴺ	mn	操	manipul	content	6	4	
槽		槽	kanel	pejvo	9	4	✓
槽ᵀ	t	槽	trog	pejvo	6	4	
槽ᴬ	a	槽	alveol	pejvo	6	4	
槽ᶠ	f	槽	fold	pejvo	6	4	
草		草	herb	content	67	4	✓
草ᴾ	p	草	pajl	content	18	4	
草ᶠ	f	草	fojn	content	10	4	
草ˢ	s	草	skiz	content	6	4	
族		族	naci	content	94	4	✓
族ᴱ	e	族	etn	content	15	4	
族ᴳ	g	族	gent	content	15	4	
族ᵀ	t	族	trib	pejvo	6	4	
存		存	konserv	content	19	4	✓
存ᴱ	e	存	ekzist	content	14	4	
存ᴰ	d	存	depon	content	11	4	
存ᴷ	k	存	konservativ	pejvo	5	4	
代		代	agent	content	15	4	✓
代ᴬ	a	代	anstataŭ	prep	12	4	
代ᴳ	g	代	generaci	content	7	4	
代ᴾ	p	代	pronom	content	6	4	
注		注	atent	content	16	4	✓
注ᴵ	i	注	injekt	content	7	4	
注ᴳ	g	注	glos	pejvo	6	4	
注ᴷ	k	注	komentari	content	4	4	
定		定	fiks	content	38	4	✓
定ᴰ	d	定	difin	content	15	4	
定ᴰᵀ	dt	定	determin	content	12	4	
定ᴰˢ	ds	定	destin	content	6	4	
程		程	program	content	37	4	✓
程ᴾ	p	程	proces	content	8	4	
程ᴾᴿ	pr	程	procedur	pejvo	7	4	
程ᴾᶜ	pc	程	procez	pejvo	6	4	
同		同	sam	content	86	4	✓
同ᴴ	h	同	homo	pref	25	4	
同ᴵ	i	同	ident	content	10	4	
同ᴬ	a	同	asimil	content	6	4	
毒		毒	toks	sci	21	4	✓
毒ⱽ	v	毒	venen	content	20	4	
毒ⱽᴿ	vr	毒	virus	content	13	4	
毒ᵀ	t	毒	toksin	pejvo	5	4	
日		日	tag	content	80	4	✓
日ᴶ	j	日	japan	content	33	4	
日ᴴ	h	日	helio	pejvo	10	4	
日ᴰ	d	日	dimanĉ	cal	5	4	
杯		杯	glas	content	15	4	✓
杯ᴷ	k	杯	kalik	pejvo	8	4	
杯ᵀ	t	杯	tas	content	7	4	
杯ᴾ	p	杯	pokal	content	6	4	
粉		粉	pulvor	content	23	4	✓
粉ᶠ	f	粉	farun	content	10	4	
粉ᴾ	p	粉	polen	pejvo	10	4	
粉ᴾᴰ	pd	粉	pudr	content	5	4	
方		方	direkt	content	34	4	✓
方ᴷ	k	方	kub	content	18	4	
方ᴷⱽ	kv	方	kvadrat	content	10	4	
方ᴿ	r	方	recept	content	3	4	
暴		暴	ŝtorm	content	11	4	✓
暴ᵀ	t	暴	tiran	pejvo	8	4	
暴ⱽ	v	暴	violent	pejvo	5	4	
暴ᵀᴹ	tm	暴	tempest	content	3	4	
密		密	dens	content	43	4	✓
密ᴷ	k	密	kompakt	pejvo	12	4	
密ᶜ	c	密	c^ifr	pejvo	10	4	
密ᴰ	d	密	dec^ifr	pejvo	5	4	
民		民	popol	content	38	4	✓
民ᶜ	c	民	civil	content	30	4	
民ᴰ	d	民	demokrati	content	13	4	
民ᴰᴹ	dm	民	demokrat	pejvo	12	4	
油		油	ole	content	73	4	✓
油ᴮ	b	油	buter	content	29	4	
油ᴾ	p	油	petrol	content	23	4	
油ᴮᴺ	bn	油	benzin	content	9	4	
律		律	leĝ	content	39	4	✓
律ᴿ	r	律	ritm	content	9	4	
律ᴰ	d	律	disciplin	pejvo	9	4	
律ᴹ	m	律	melodi	content	4	4	
粒		粒	er	suf	87	4	✓
粒ᴳ	g	粒	grajn	content	26	4	
粒ᴳᴿ	gr	粒	granul	pejvo	8	4	
粒ᴾ	p	粒	partikl	pejvo	6	4	
裂		裂	ŝir	content	24	4	✓
裂ᴷ	k	裂	krev	content	7	4	
裂ᴮ	b	裂	brec^	pejvo	6	4	
裂ᴰ	d	裂	dehisk	pejvo	5	4	
价		价	prez	content	43	4	✓
价ᴷ	k	价	kurz	pejvo	17	4	
价ᵀ	t	价	tarif	content	14	4	
价ⱽ	v	价	valent	pejvo	10	4	
卷		卷	rul	content	75	4	✓
卷ⱽ	v	卷	volv	content	42	4	
卷ᶠ	f	卷	friz	content	14	4	
卷ᴮ	b	卷	bukl	content	6	4	
拜		拜	ador	content	11	4	✓
拜ᴷ	k	拜	kult	content	10	4	
拜ᴾ	p	拜	pilgrim	pejvo	9	4	
拜ᴿ	r	拜	riverenc	content	2	4	
雕		雕	agl	content	21	4	✓
雕ᶜ	c	雕	c^iz	pejvo	11	4	
雕ˢ	s	雕	skulpt	content	9	4	
雕ᴿ	r	雕	relief	pejvo	7	4	
亲		亲	kar	content	16	4	✓
亲ᴵ	i	亲	intim	content	12	4	
亲ᴾ	p	亲	parenc	content	10	4	
亲ˢ	s	亲	simpati	content	8	4	
兽		兽	best	content	49	4	✓
兽ᶻ	z	兽	zo	content	16	4	
兽ᴬ	a	兽	animal	content	8	4	
兽ᶻᴸ	zl	兽	zoologi	content	0	4	
创		创	kre	content	22	4	✓
创ᴵ	i	创	iniciat	content	9	4	
创ᴵᴺ	in	创	invent	content	8	4	
创ᵀ	t	创	trau^mat	pejvo	6	4	
单		单	mono	pref	30	4	✓
单ᶠ	f	单	fraŭl	content	8	4	
单ᴹ	m	单	menu	content	6	4	
单ˢ	s	单	singular	content	2	4	
图		图	map	content	14	4	✓
图ᴳ	g	图	grafik	pejvo	12	4	
图ˢ	s	图	skem	pejvo	10	4	
图ᴵ	i	图	ilustr	content	7	4	
坚		坚	fortik	content	17	4	✓
坚ᶠ	f	坚	firm	content	15	4	
坚ᴾ	p	坚	persist	content	8	4	
坚ᴵ	i	坚	insist	content	7	4	
对		对	kontraŭ	prep	163	4	✓
对ᴷ	k	对	kontrast	content	8	4	
对ᴼ	o	对	opozici	content	8	4	
对ᴶ	j	对	jes	func	7	4	
导		导	konduk	content	35	4	✓
导ᴳ	g	导	gvid	content	29	4	
导ᴷ	k	导	kondukt	sci	22	4	
导ᴰ	d	导	direktor	content	5	4	
庆		庆	fest	content	31	4	✓
庆ᶠ	f	庆	festival	content	4	4	
庆ᴾ	P	庆	Pask	content	3	4	
庆ᶜ	c	庆	celebr	content	2	4	
异		异	fremd	content	19	4	✓
异ᴰ	d	异	diferenc	content	18	4	
异ᴴ	h	异	hetero	pejvo	11	4	
异ᴰᶠ	df	异	diferencial	pejvo	5	4	
摇		摇	sku	content	21	4	✓
摇ᴮ	b	摇	balanc	content	10	4	
摇ᴸ	l	摇	lul	content	10	4	
摇ˢ̂	ŝ	摇	ŝancel	content	9	4	
测		测	metri	sci	60	4	✓
测ᴹ	m	测	mezur	content	57	4	
测ᴮ	b	测	bir	pejvo	6	4	
测ᴳ	g	测	gau^g^	pejvo	5	4	
环		环	ring	content	49	4	✓
环ᶜ	c	环	cikl	content	42	4	
环ᶜᴿ	cr	环	cirkul	content	8	4	
环ᴮ	b	环	bracelet	content	2	4	
皱		皱	krisp	pejvo	6	4	✓
皱ᶠ	f	皱	falt	pejvo	5	4	
皱ᶜ̂	ĉ	皱	ĉif	content	5	4	
皱ᴳ	g	皱	grimac	content	3	4	
线		线	lini	content	85	4	✓
线ᴰ	d	线	drat	content	31	4	
线ᴸ	l	线	linear	pejvo	6	4	
线ᴸᴺ	ln	线	line	pejvo	5	4	
织		织	teks	content	30	4	✓
织ᵀ	t	织	trik	content	14	4	
织ᴴ	h	织	hist	pejvo	8	4	
织ᵀᴿ	tr	织	trikot	content	5	4	
编		编	plekt	content	18	4	✓
编ᴿ	r	编	redakt	content	12	4	
编ᴷ	k	编	kompil	content	10	4	
编ᴿᴰ	rd	编	redaktor	content	5	4	
联		联	asoci	content	11	4	✓
联ᶠ	f	联	federaci	content	10	4	
联ᶠᴰ	fd	联	feder	pejvo	9	4	
联ᵁ	u	联	uni	content	5	4	
补		补	kompens	content	16	4	✓
补ᶠ	f	补	flik	content	14	4	
补ᴷ	k	补	komplement	content	11	4	
补ˢ	s	补	suplement	content	3	4	
议		议	konsil	content	27	4	✓
议ᴾ	p	议	parlament	content	16	4	
议ᴾᴿ	pr	议	propon	content	13	4	
议ᴷ	k	议	konsili	content	10	4	
论		论	teori	content	25	4	✓
论ᴰ	d	论	diskut	content	18	4	
论ᴬ	a	论	argument	pejvo	9	4	
论ᴱ	e	论	ese	content	3	4	
评		评	taks	content	24	4	✓
评ᴷ	k	评	kritik	content	21	4	
评ᴿ	r	评	recenz	content	5	4	
评ᴷᴹ	km	评	koment	content	5	4	
谐		谐	harmon	pejvo	12	4	✓
谐ᴴ	h	谐	harmoni	content	8	4	
谐ᴴᴹ	hm	谐	humur	content	7	4	
谐ᴮ	b	谐	burlesk	pejvo	5	4	
质		质	materi	content	22	4	✓
质ᴷ	k	质	kvalit	content	13	4	
质ᴱ	e	质	esenc	content	11	4	
质ˢ	s	质	substanc	content	9	4	
适ᴹ	m	适	moder	content	14	4	
适		适	taŭg	content	14	4	✓
适ᴷ	k	适	konven	content	11	4	
适ᴬ	a	适	adapt	content	9	4	
骗		骗	tromp	content	21	4	✓
骗ᶠ	f	骗	fripon	content	7	4	
骗ᶜ	c	骗	c^arlatan	pejvo	5	4	
骗ᴹ	m	骗	mistifik	content	2	4	
哀		哀	ve	pejvo	11	3	✓
哀ᴸ	l	哀	lament	pejvo	6	3	
哀ᴷ	k	哀	kondolenc	content	4	3	
位		位	bit	pejvo	12	3	✓
位ᴾ	p	位	pozici	content	6	3	
位ˢ	s	位	situ	content	2	3	
医		医	kurac	content	40	3	✓
医ᴹ	m	医	medicin	content	28	3	
医ᴴ	h	医	hospital	content	11	3	
瓜		瓜	kukurb	content	9	3	✓
瓜ᴹ	m	瓜	melon	content	5	3	
瓜ᴷ	k	瓜	kukum	content	3	3	
桶		桶	barel	content	15	3	✓
桶ᴷ	k	桶	kuv	content	7	3	
桶ˢ	s	桶	sitel	content	2	3	
化		化	iz	suf	166	3	✓
化ᴵ	i	化	influ	content	7	3	
化ᴴ̂	ĥ	化	ĥemi	content	2	3	
家		家	ist	suf	1291	3	✓
家ᴴ	h	家	hejm	content	42	3	
家ᶠ	f	家	famili	content	24	3	
架		架	c^arpent	pejvo	8	3	✓
架ᴿ	r	架	rak	pejvo	6	3	
架ˢ	s	架	stabl	pejvo	5	3	
芽		芽	ĝerm	content	11	3	✓
芽ᴮ	b	芽	burĝon	content	8	3	
芽ˢ	s	芽	s^os	pejvo	6	3	
会		会	kongres	content	22	3	✓
会ᴬ	a	会	asemble	content	5	3	
会ᴷ	k	会	konferenc	content	5	3	
械		械	mekanik	content	18	3	✓
械ᴹ	m	械	meĥanik	content	1	3	
械ᴹᴷ	mk	械	mekanism	content	0	3	
界		界	lim	content	68	3	✓
界ᴹ	m	界	mond	content	63	3	
界ᴴ	h	界	horizont	content	4	3	
外		外	ekster	prep	78	3	✓
外ᴷ	k	外	krom	prep	41	3	
外ᴱ	e	外	ekzo	pejvo	8	3	
概		概	probabl	content	8	3	✓
概ᴷ	k	概	koncept	content	7	3	
概ᴿ	r	概	resum	content	1	3	
活		活	viv	content	147	3	✓
活ᴬ	a	活	aktiv	content	40	3	
活ⱽ	v	活	vigl	content	18	3	
奇		奇	strang	content	8	3	✓
奇ᴹ	m	奇	mirakl	content	5	3	
奇ᴷ	k	奇	kurioz	content	5	3	
期		期	dat	content	49	3	✓
期ᴾ	p	期	period	content	27	3	
期ᴰ	d	期	dum	prep	13	3	
逆		逆	retro	pref	43	3	✓
逆ᴵ	i	逆	invers	content	14	3	
逆ˢ	s	逆	spit	content	7	3	
巨		巨	eg	suf	269	3	✓
巨ᴷ	k	巨	kolos	pejvo	5	3	
巨ᴳ	g	巨	gigant	content	4	3	
虚		虚	vant	content	11	3	✓
虚ᶠ	f	虚	fikci	content	10	3	
虚ⱽ	v	虚	virtual	pejvo	8	3	
供		供	proviz	content	17	3	✓
供ᴸ	l	供	liver	content	9	3	
供ᴼ	o	供	ofert	content	6	3	
共		共	kun	prep	249	3	✓
共ᴷ	k	共	komun	content	53	3	
共ᴿ	r	共	respublik	content	13	3	
教		教	instru	content	40	3	✓
教ᴱ	e	教	eklezi	content	19	3	
教ᶜ	c	教	civiliz	content	0	3	
凝		凝	kondens	pejvo	10	3	✓
凝ᴷ	k	凝	kaze	pejvo	9	3	
凝ᴷᴳ	kg	凝	koagul	pejvo	6	3	
句		句	fraz	content	26	3	✓
句ⱽ	v	句	vers	content	21	3	
句ᴾ	p	句	propozici	content	7	3	
区		区	region	content	20	3	✓
区ᴷ	k	区	kvartal	content	19	3	
区ᴰ	d	区	distrikt	content	9	3	
具		具	il	suf	1276	3	✓
具ᴹ	m	具	mebl	content	16	3	
具ᴷ	k	具	konkret	content	6	3	
空		空	spac	content	29	3	✓
空ⱽ	v	空	vaku	pejvo	16	3	
空ⱽᴷ	vk	空	vak	content	12	3	
警		警	polic	content	20	3	✓
警ᴬ	a	警	alarm	content	12	3	
警ᴬⱽ	av	警	avert	content	5	3	
欠		欠	ŝuld	content	23	3	✓
欠ᴰ	d	欠	debet	content	5	3	
欠ᴼ	o	欠	osced	content	3	3	
血		血	sang	content	86	3	✓
血ᴱ	e	血	emi	suf	26	3	
血ᴴ	h	血	hemo	pejvo	7	3	
月		月	lun	content	35	3	✓
月ᴹ	m	月	monat	content	26	3	
月ᴸ	l	月	lund	cal	3	3	
源		源	genez	sci	32	3	✓
源ᴼ	o	源	origin	content	10	3	
源ᴱ	e	源	etim	pejvo	5	3	
甲		甲	kiras	pejvo	15	3	✓
甲ˢ	s	甲	skarab	pejvo	13	3	
甲ᴹ	m	甲	metil	pejvo	7	3	
硬		硬	rigid	content	14	3	✓
硬ᴴ	h	硬	hard	pejvo	12	3	
硬ˢ	s	硬	skler	pejvo	6	3	
刻		刻	gravur	pejvo	16	3	✓
刻ᴹ	m	刻	moment	content	13	3	
刻ᴺ	n	刻	noc^	pejvo	6	3	
告		告	inform	content	33	3	✓
告ᴬ	a	告	aviz	pejvo	6	3	
告ᴴ	h	告	herold	content	2	3	
国		国	land	content	114	3	✓
国ˢ̂	ŝ	国	ŝtat	content	59	3	
国ᴿ	r	国	regn	content	22	3	
昏		昏	sven	content	10	3	✓
昏ᴷ	k	昏	krepusk	content	7	3	
昏ᴷᴹ	km	昏	komat	pejvo	5	3	
才		才	talent	content	5	3	✓
才ᴳ	g	才	geni	content	4	3	
才ᴬ	a	才	apenaŭ	func	3	3	
菜		菜	brasik	content	31	3	✓
菜ᴸ	l	菜	legom	content	15	3	
菜ᴮ	b	菜	bet	content	5	3	
裁		裁	tajlor	content	9	3	✓
裁ᵀ	t	裁	tajl	content	7	3	
裁ᴬ	a	裁	arbitraci	pejvo	6	3	
罪		罪	krim	content	23	3	✓
罪ᴷ	k	罪	kulp	content	22	3	
罪ᴾ	p	罪	pek	content	21	3	
刺		刺	pik	content	44	3	✓
刺ᴰ	d	刺	dorn	content	18	3	
刺ˢ	s	刺	spron	pejvo	5	3	
指		指	fingr	content	35	3	✓
指ᴵ	i	指	indik	content	21	3	
指ᴵᴺ	in	指	indikator	pejvo	6	3	
至		至	ĝis	prep	30	3	✓
至ˢ	s	至	solstic	pejvo	7	3	
至ᴬ	a	至	almenaŭ	func	1	3	
似		似	oid	suf	66	3	✓
似ˢ	s	似	simil	content	16	3	
似ᴬ	a	似	analog	pejvo	6	3	
字		字	liter	content	33	3	✓
字ᴬ	a	字	alfabet	content	11	3	
字ᴷ	k	字	karaktr	pejvo	6	3	
治		治	reg	content	55	3	✓
治ᴰ	d	治	domin	pejvo	9	3	
治ᴷ	k	治	krat	pejvo	5	3	
示		示	montr	content	36	3	✓
示ᴹ	m	示	manifestaci	content	3	3	
示ˢ	s	示	sugest	content	3	3	
重		重	pez	content	50	3	✓
重ᴳ	g	重	grav	content	19	3	
重ᴬ	a	重	akcent	content	8	3	
出		出	el	prep	449	3	✓
出ᴱ	e	出	eksport	content	7	3	
出ᴱᴹ	em	出	emerg^	pejvo	5	3	
除		除	ektomi	suf	24	3	✓
除ᴱ	e	除	escept	content	8	3	
除ᴱᴸ	el	除	elimin	content	5	3	
升		升	promoci	pejvo	9	3	✓
升ᴸ	l	升	litr	content	7	3	
升ᴴ	h	升	his	pejvo	6	3	
商		商	komerc	content	48	3	✓
商ᴷ	k	商	kvocient	pejvo	5	3	
商ᶠ	f	商	firma	content	4	3	
将		将	ont	suf	24	3	✓
将ᴳ	g	将	general	content	5	3	
将ᴮ	b	将	baldaŭ	func	4	3	
小		小	et	suf	655	3	✓
小ᴹ	m	小	minor	pejvo	9	3	
小ᴹᴺ	mn	小	minuskl	content	2	3	
照		照	ilumin	pejvo	10	3	✓
照ᴾ	p	照	pasport	content	3	3	
照ᶠ	f	照	fotograf	content	0	3	
省		省	ŝpar	content	27	3	✓
省ᴳ	g	省	guberni	content	9	3	
省ᴾ	p	省	provinc	content	6	3	
称		称	pretend	content	8	3	✓
称ˢ	s	称	simetri	pejvo	7	3	
称ᴷ	k	称	kvalifik	pejvo	6	3	
新		新	nov	content	104	3	✓
新ᴺ	n	新	neo	pejvo	7	3	
新ᴺᴸ	nl	新	neologism	content	0	3	
浸		浸	macer	pejvo	6	3	✓
浸ᴾ	p	浸	perkol	pejvo	6	3	
浸ᵀ	t	浸	tremp	content	4	3	
神		神	di	content	63	3	✓
神ᴺ	n	神	nerv	content	22	3	
神ᴰ	d	神	dio,Di	content	0	3	
推		推	puŝ	content	48	3	✓
推ˢ̂	ŝ	推	ŝov	content	46	3	
推ᴿ	r	推	rezon	content	10	3	
水		水	akv	content	201	3	✓
水ᴴ	h	水	hidr	pref	63	3	
水ᴹ	m	水	merkred	cal	4	3	
数		数	nombr	content	78	3	✓
数ᶜ	c	数	cifer	content	25	3	
数ᴺ	n	数	numeral	content	3	3	
雀		雀	alaŭd	content	6	3	✓
雀ᴾ	p	雀	paser	content	5	3	
雀ᴷ	k	雀	kanari	content	4	3	
性		性	ec	suf	1190	3	✓
性ˢ	s	性	seks	content	62	3	
性ᴬ	a	性	amor	content	14	3	
成		成	iĝ	suf	1513	3	✓
成ˢ	s	成	sukces	content	19	3	
成ᴷ	k	成	konsist	content	7	3	
清		清	klar	content	48	3	✓
清ᴺ	n	清	net	content	19	3	
清ᴸ	l	清	likvid	pejvo	12	3	
精		精	rafin	pejvo	13	3	✓
精ᶠ	f	精	fajn	pejvo	9	3	
精ᴱ	e	精	ekzakt	content	7	3	
声		声	son	content	95	3	✓
声ⱽ	v	声	voĉ	content	55	3	
声ᶠ	f	声	fonograf	content	0	3	
静		静	kviet	content	20	3	✓
静ᵀ	t	静	trankvil	content	18	3	
静ˢ	s	静	statik	pejvo	16	3	
切		切	tranĉ	content	52	3	✓
切ᵀ	t	切	tomi	suf	22	3	
切ˢ	s	切	sekc	sci	20	3	
千		千	mil	num	32	3	✓
千ᴷ	k	千	kilo	pejvo	9	3	
千ᴷᴸ	kl	千	kilometr	content	0	3	
染		染	infekt	content	17	3	✓
染ᵀ	t	染	tinktur	content	8	3	
染ᴷ	k	染	kontag^	pejvo	7	3	
穿		穿	tra	prep	139	3	✓
穿ᴾ	p	穿	penetr	content	20	3	
穿ᴾᴿ	pr	穿	permeabl	pejvo	6	3	
全		全	integr	content	19	3	✓
全ᴷ	k	全	komplet	content	15	3	
全ᴴ	h	全	holo	pejvo	10	3	
塑		塑	plast	content	14	3	✓
塑ᴹ	m	塑	modl	pejvo	8	3	
塑ᴾ	p	塑	plastik	content	4	3	
想		想	opini	content	23	3	✓
想ᴵ	i	想	imag	content	15	3	
想ᴵᴰ	id	想	ideal	content	7	3	
束		束	fask	content	12	3	✓
束ᴳ	g	束	garb	content	5	3	
束ᴮ	b	束	buked	content	4	3	
俗		俗	vulgar	content	9	3	✓
俗ᴾ	p	俗	profan	pejvo	7	3	
俗ᴹ	m	俗	mor	content	6	3	
多		多	mult	content	92	3	✓
多ᴾ	p	多	plur	content	57	3	
多ᴾᴸ	pl	多	poli	pref	43	3	
打		打	bat	content	67	3	✓
打ᵀ	t	打	tajp	content	13	3	
打ᴰ	d	打	dras^	pejvo	7	3	
体		体	korp	content	44	3	✓
体ˢ	s	体	sport	content	19	3	
体ᶠ	f	体	fart	content	7	3	
替		替	altern	content	20	3	✓
替ˢ	s	替	substitu	pejvo	5	3	
替ᴬ	a	替	alternativ	content	0	3	
腿		腿	krur	content	18	3	✓
腿ˢ̂	ŝ	腿	ŝink	content	7	3	
腿ᴳ	g	腿	gamb	content	4	3	
台		台	podi	content	7	3	✓
台ᵀ	t	台	teras	content	3	3	
台ᴾ	p	台	peron	content	1	3	
大		大	grand	content	105	3	✓
大ᴹ	m	大	maj^or	pejvo	8	3	
大ᴹᴶ	mj	大	majuskl	content	6	3	
断		断	intermit	pejvo	9	3	✓
断ᴬ	a	断	arbitr	content	5	3	
断ᴬˢ	as	断	asert	content	3	3	
段		段	segment	pejvo	5	3	✓
段ᴱ	e	段	epizod	content	3	3	
段ᴱᵀ	et	段	etap	content	2	3	
智		智	saĝ	content	22	3	✓
智ᴵ	i	智	intelekt	content	11	3	
智ˢ	s	智	sprit	content	11	3	
中		中	mez	content	91	3	✓
中ᴺ	n	中	neu^tr	pejvo	11	3	
中ᴺᵁ̆	nŭ	中	neŭtral	content	11	3	
柱		柱	kolon	content	23	3	✓
柱ᶠ	f	柱	fost	content	13	3	
柱ᴷ	k	柱	kegl	pejvo	6	3	
展		展	evolu	content	17	3	✓
展ᴱ	e	展	ekspon	pejvo	16	3	
展ᴱᴷ	ek	展	ekspozici	content	14	3	
点		点	punkt	content	69	3	✓
点ᴾ	p	点	poent	content	4	3	
点ᴰ	d	点	desert	content	4	3	
吐		吐	vom	content	16	3	✓
吐ᴷ	k	吐	kraĉ	content	11	3	
吐ˢ	s	吐	sput	pejvo	7	3	
套		套	gant	content	16	3	✓
套ᴶ	j	套	jung	content	11	3	
套ᴹ	m	套	muf	pejvo	6	3	
等		等	egal	content	47	3	✓
等ᴵ	i	等	izo	pref	36	3	
等ᴱ	e	等	ekvivalent	pejvo	11	3	
洞		洞	kav	content	35	3	✓
洞ᴷ	k	洞	kavern	content	11	3	
洞ᴳ	g	洞	grot	content	1	3	
突		突	impet	content	11	3	✓
突ˢ	s	突	sturm	pejvo	5	3	
突ˢᴮ	sb	突	subit	content	5	3	
内		内	intern	content	32	3	✓
内ᴱ	e	内	endo	pref	20	3	
内ᴱᴺ	en	内	en	prep	0	3	
乳		乳	lakt	content	48	3	✓
乳ᴹ	m	乳	mam	content	24	3	
乳ᴱ	e	乳	emulsi	pejvo	8	3	
忍		忍	toler	content	20	3	✓
忍ᴾ	p	忍	pacienc	content	10	3	
忍ˢ	s	忍	stoik	pejvo	5	3	
派		派	deriv	pejvo	13	3	✓
派ᴰ	d	派	deput	content	8	3	
派ˢ	s	派	sekt	pejvo	6	3	
排		排	kompost	pejvo	13	3	✓
排ᴱ	e	排	ekskluziv	content	11	3	
排ᴰ	d	排	dren	pejvo	8	3	
拍		拍	fot	content	87	3	✓
拍ᵀ	t	拍	takt	content	17	3	
拍ᴿ	r	拍	raked	content	1	3	
麦		麦	tritik	content	6	3	✓
麦ᴴ	h	麦	horde	content	5	3	
麦ᴬ	a	麦	aven	content	3	3	
伴		伴	kompani	content	22	3	✓
伴ᴷ	k	伴	kamarad	content	8	3	
伴ᴷᴸ	kl	伴	koleg	content	7	3	
反		反	mal	pref	1357	3	✓
反ᴵ	i	反	ironi	content	7	3	
反ᴼ	o	反	opon	content	6	3	
秘		秘	sekret	content	20	3	✓
秘ˢ	s	秘	sekretari	content	9	3	
秘ᴷ	k	秘	konfidenc	content	8	3	
票		票	bilet	content	23	3	✓
票ᴮ	b	票	balot	content	21	3	
票ᶜ̂	ĉ	票	ĉek	content	10	3	
腐		腐	seps	pejvo	15	3	✓
腐ᴾ	p	腐	putr	content	14	3	
腐ˢ	s	腐	sapr	pejvo	7	3	
部		部	part	content	49	3	✓
部ᴹ	m	部	ministeri	content	15	3	
部ᴿ	r	部	redakci	content	3	3	
米		米	metr	content	166	3	✓
米ᴿ	r	米	riz	content	30	3	
米ᴹ	m	米	maiz	content	6	3	
保		保	asekur	content	30	3	✓
保ᴳ	g	保	garanti	content	10	3	
保ᴾ	p	保	patron	content	6	3	
法		法	jur	content	19	3	✓
法ᴹ	m	法	metod	content	17	3	
法ᴿ	r	法	rimed	content	14	3	
胞		胞	ĉel	content	47	3	✓
胞ᶜ	c	胞	cito	pejvo	6	3	
胞ᶜᵀ	ct	胞	citoz	pejvo	5	3	
帽		帽	ĉapel	content	22	3	✓
帽ᶜ̂	ĉ	帽	ĉap	content	16	3	
帽ᴷ	k	帽	kasked	content	1	3	
牧		牧	paŝt	content	14	3	✓
牧ᴾ	p	牧	pastr	content	14	3	
牧ᴺ	n	牧	nomad	pejvo	5	3	
磨		磨	muel	content	26	3	✓
磨ᴾ	p	磨	polur	content	13	3	
磨ᶠ	f	磨	fajl	pejvo	8	3	
盟		盟	sindikat	content	12	3	✓
盟ᴷ	k	盟	koalici	pejvo	9	3	
盟ᴬ	a	盟	alianc	pejvo	7	3	
木		木	lign	content	51	3	✓
木ᴷ	k	木	ksil	pejvo	6	3	
木ᴶ̂	ĵ	木	ĵaŭd	cal	3	3	
役		役	kampanj	pejvo	10	3	✓
役ᴿ	r	役	rol	content	9	3	
役ˢ	s	役	servut	pejvo	5	3	
余		余	rest	content	25	3	✓
余ˢ	s	余	sald	pejvo	5	3	
余ᶜ	c	余	ceter	content	4	3	
螺		螺	ŝraŭb	content	46	3	✓
螺ᴴ	h	螺	helik	pejvo	8	3	
螺ᴴᴸ	hl	螺	helic	pejvo	7	3	
利		利	profit	content	33	3	✓
利ᶠ	f	利	favor	content	28	3	
利ᴵ	i	利	interez	content	4	3	
旅		旅	vojaĝ	content	42	3	✓
旅ᴮ	b	旅	brigad	pejvo	9	3	
旅ᵀ	t	旅	turist	content	1	3	
列		列	vic	content	57	3	✓
列ˢ	s	列	seri	content	15	3	
列ᴾ	p	列	procesi	pejvo	9	3	
炉		炉	forn	content	27	3	✓
炉ᴷ	k	炉	kamen	content	10	3	
炉ˢ	s	炉	stov	content	3	3	
路		路	voj	content	132	3	✓
路ᶜ	c	路	cirkvit	content	16	3	
路ˢ̂	ŝ	路	ŝose	content	6	3	
和		和	pac	content	47	3	✓
和ᴷ	k	和	kaj	func	41	3	
和ᴬ	a	和	akord	content	12	3	
愿		愿	vol	content	48	3	✓
愿ⱽ	v	愿	volont	content	10	3	
愿ᴮ	b	愿	bonvol	content	0	3	
扣		扣	buton	content	20	3	✓
扣ᴬ	a	扣	agraf	pejvo	5	3	
扣ᴮ	b	扣	buk	content	5	3	
效		效	efik	content	34	3	✓
效ᴱ	e	效	efekt	content	22	3	
效ⱽ	v	效	valid	content	13	3	
炸		炸	frit	content	9	3	✓
炸ᴾ	p	炸	pulv	content	6	3	
炸ᴰ	d	炸	dinamit	content	2	3	
烟		烟	fum	content	49	3	✓
烟ᵀ	t	烟	tabak	content	15	3	
烟ᶜ	c	烟	cigared	content	7	3	
罩		罩	mask	content	21	3	✓
罩ᴷ	k	罩	klos^	pejvo	7	3	
罩ᴷᵀ	kt	罩	kitel	content	2	3	
莓		莓	ber	content	47	3	✓
莓ᶠ	f	莓	frag	content	9	3	
莓ᶠᴿ	fr	莓	framb	content	2	3	
醉		醉	ebri	content	11	3	✓
醉ᴿ	r	醉	rav	content	9	3	
醉ᴱ	e	醉	ekstaz	pejvo	5	3	
德		德	moral	content	22	3	✓
德ⱽ	v	德	virt	content	11	3	
德ᴷ	k	德	konscienc	content	7	3	
严		严	serioz	content	10	3	✓
严ᴿ	r	严	rigor	pejvo	8	3	
严ˢ	s	严	sever	content	7	3	
乐		乐	muzik	content	48	3	✓
乐ᴾ	p	乐	plezur	content	13	3	
乐ᴼ	o	乐	orkestr	content	8	3	
书		书	skrib	content	104	3	✓
书ᴸ	l	书	libr	content	93	3	
书ᴮ	b	书	bibli	pejvo	11	3	
传		传	komunik	content	41	3	✓
传ᴾ	p	传	propagand	content	5	3	
传ᴸ	l	传	legend	content	4	3	
伪		伪	pseŭdo	pref	29	3	✓
伪ᶠ	f	伪	fals	content	22	3	
伪ᴷ	k	伪	kamufl	pejvo	5	3	
值		值	ind	suf	116	3	✓
值ⱽ	v	值	valor	content	58	3	
值ᴹ	m	值	merit	content	15	3	
划		划	plan	content	43	3	✓
划ˢ	s	划	strek	content	38	3	
划ᴿ	r	划	rem	content	16	3	
办		办	ag	content	55	3	✓
办ᴱ	e	办	entrepren	content	19	3	
办ᴾ	p	办	proced	content	5	3	
务		务	serv	content	81	3	✓
务ᵀ	t	务	task	content	13	3	
务ᴼ	o	务	obligaci	pejvo	6	3	
卫		卫	gvardi	content	9	3	✓
卫ᴴ	h	卫	higien	content	6	3	
卫ˢ	s	卫	sanitar	pejvo	5	3	
员		员	membr	content	19	3	✓
员ᴷ	k	员	komiz	pejvo	5	3	
员ᴬ	a	员	an	suf	0	3	
响		响	sonor	content	23	3	✓
响ᴷ	k	响	klak	content	18	3	
响ᴸ	l	响	laŭt	content	17	3	
囊		囊	vezik	content	20	3	✓
囊ᴷ	k	囊	kapsul	pejvo	7	3	
囊ᴬ	a	囊	ask	pejvo	5	3	
围		围	ĉirkaŭ	prep	71	3	✓
围ᴾ	p	围	peri	pejvo	13	3	
围ˢ	s	围	sieg^	pejvo	9	3	
壳		壳	ŝel	content	28	3	✓
壳ᴷ	k	壳	kartoc^	pejvo	12	3	
壳ᴷᴿ	kr	壳	krust	content	11	3	
备		备	pret	content	28	3	✓
备ᴾ	p	备	prepar	content	14	3	
备ᴱ	e	备	ekip	content	11	3	
妆		妆	tualet	content	15	3	✓
妆ᴰ	d	妆	dot	content	10	3	
妆ˢ	s	妆	s^mink	pejvo	8	3	
库		库	kas	content	18	3	✓
库ᴮ	b	库	bibliotek	content	5	3	
库ᴳ	g	库	garaĝ	content	3	3	
弹		弹	bomb	content	26	3	✓
弹ᴱ	e	弹	elast	content	19	3	
弹ᴷ	k	弹	kugl	content	10	3	
强		强	fort	content	121	3	✓
强ᵀ	t	强	trud	content	34	3	
强ᴱ	e	强	emfaz	content	3	3	
录		录	registr	content	33	3	✓
录ᴾ	p	录	protokol	content	7	3	
录ᴷ	k	录	katalog	content	4	3	
总		总	ĝeneral	content	20	3	✓
总ˢ	s	总	sum	content	19	3	
总ᵀ	t	总	total	content	7	3	
惊		惊	mir	content	18	3	✓
惊ˢ	s	惊	surpriz	content	8	3	
惊ᴷ	k	惊	konstern	pejvo	7	3	
护		护	zorg	content	28	3	✓
护ᴾ	p	护	protekt	content	21	3	
护ᶠ	f	护	fleg	content	10	3	
损		损	difekt	content	21	3	✓
损ᴷ	k	损	kompromit	content	7	3	
损ᴰ	d	损	damaĝ	content	6	3	
显		显	aspekt	content	10	3	✓
显ᴱ	e	显	evident	content	8	3	
显ᴹ	m	显	manifest	pejvo	5	3	
步		步	paŝ	content	48	3	✓
步ᴹ	m	步	marŝ	content	11	3	
步ᴾ	p	步	promen	content	10	3	
涉		涉	koncern	content	8	3	✓
涉ᴵ	i	涉	interfer	pejvo	8	3	
涉ⱽ	v	涉	vad	content	7	3	
烤		烤	rost	content	27	3	✓
烤ᴮ	b	烤	bak	content	17	3	
烤ᴳ	g	烤	graten	pejvo	6	3	
盘		盘	disk	content	48	3	✓
盘ᵀ	t	盘	teler	content	15	3	
盘ᴾ	p	盘	plet	content	4	3	
矿		矿	min	content	43	3	✓
矿ᴱ	e	矿	erc	pejvo	15	3	
矿ᴹ	m	矿	mineral	content	9	3	
碱		碱	alkal	pejvo	11	3	✓
碱ᴸ	l	碱	lesiv	content	8	3	
碱ˢ	s	碱	sod	pejvo	6	3	
磷		磷	fosf	pejvo	15	3	✓
磷ᶠˢ	fs	磷	fosfor	elem	4	3	
磷ᶠ	f	磷	fosfo	pejvo	4	3	
竞		竞	konkurs	content	20	3	✓
竞ᴷ	k	竞	konkur	content	15	3	
竞ᴷᴺ	kn	竞	konkurenc	pejvo	9	3	
简		简	simpl	content	21	3	✓
简ᴸ	l	简	lakon	pejvo	7	3	
简ᴷ	k	简	konciz	content	6	3	
约		约	kontrakt	content	18	3	✓
约ᴷ	k	约	konvenci	content	8	3	
约ᴿ	r	约	rendevu	content	3	3	
组		组	op	suf	37	3	✓
组ᴷ	k	组	kompon	content	18	3	
组ᴼ	o	组	organiz	content	0	3	
肠ᴷ	k	肠	kolbas	content	11	3	
肠		肠	enter	pejvo	11	3	✓
肠ᴵ	i	肠	intest	content	10	3	
药		药	medikament	content	11	3	✓
药ᴰ	d	药	drog	pejvo	8	3	
药ᴬ	a	药	apotek	content	3	3	
观		观	observ	content	17	3	✓
观ˢ	s	观	spekt	pejvo	14	3	
观ᴵ	i	观	ideologi	content	0	3	
规		规	regul	content	53	3	✓
规ᶜ	c	规	cirkel	content	7	3	
规ᴾ	p	规	preskrib	content	2	3	
觉		觉	konsci	content	27	3	✓
觉ᴿ	r	觉	rimark	content	11	3	
觉ᴾ	p	觉	percept	pejvo	7	3	
计		计	horloĝ	content	32	3	✓
计ˢ	s	计	statistik	content	9	3	
计ᵀ	t	计	termometr	content	0	3	
讲		讲	predik	pejvo	10	3	✓
讲ᴾ	p	讲	preleg	content	4	3	
讲ᴸ	l	讲	lekci	content	2	3	
诗		诗	poezi	content	8	3	✓
诗ᴾ	p	诗	poem	content	7	3	
诗ᴾᵀ	pt	诗	poet	content	5	3	
货ᴷ	k	货	karg	pejvo	18	3	
货		货	var	content	18	3	✓
货ᶠ	f	货	frajt	pejvo	17	3	
赞		赞	konsent	content	24	3	✓
赞ᴸ	l	赞	laŭd	content	11	3	
赞ᴷ	k	赞	kompliment	content	4	3	
辩		辩	elokvent	content	7	3	✓
辩ᴾ	p	辩	pled	content	6	3	
辩ᴬ	a	辩	advokat	content	5	3	
边		边	rand	content	28	3	✓
边ᴹ	m	边	marg^en	pejvo	7	3	
边ᴸ	l	边	later	pejvo	6	3	
过		过	int	suf	126	3	✓
过ᴾ	p	过	pas	content	54	3	
过ᴾᴿ	pr	过	preter	prep	38	3	
连		连	konekt	sci	20	3	✓
连ᴷ	k	连	kupl	pejvo	14	3	
连ᴱ	e	连	eĉ	func	2	3	
选		选	elekt	content	39	3	✓
选ˢ	s	选	selekt	pejvo	5	3	
选ᴬ	a	选	antologi	content	1	3	
锅		锅	pat	content	21	3	✓
锅ᴷ	k	锅	kaldron	content	11	3	
锅ᴷˢ	ks	锅	kaserol	content	2	3	
闪		闪	fulm	content	27	3	✓
闪ᶠ	f	闪	flagr	content	10	3	
闪ᴮ	b	闪	blink	pejvo	6	3	
问		问	demand	content	26	3	✓
问ᴾ	p	问	problem	content	20	3	
问ˢ	s	问	salut	content	15	3	
阶		阶	ŝtup	content	20	3	✓
阶ᴳ	g	阶	gam	pejvo	8	3	
阶ˢ	s	阶	stadi	content	3	3	
题ᵀ	t	题	titol	content	11	3	
题		题	tem	content	11	3	✓
题ᵀᶻ	tz	题	tez	content	6	3	
饼		饼	tort	content	7	3	✓
饼ⱽ	v	饼	vafl	pejvo	5	3	
饼ᴮ	b	饼	biskvit	content	3	3	
验		验	spert	content	21	3	✓
验ᴱ	e	验	eksperiment	content	12	3	
验ᴱᴹ	em	验	empiri	pejvo	7	3	
鱼		鱼	fiŝ	content	83	3	✓
鱼ᴳ	g	鱼	gobi	content	2	3	
鱼ᴱ	e	鱼	ezok	content	2	3	
暗		暗	obskur	pejvo	8	2	✓
暗ᴬ	a	暗	alud	content	4	2	
胃		胃	gastr	sci	22	2	✓
胃ˢ	s	胃	stomak	content	19	2	
引		引	cit	content	23	2	✓
引ᴳ	g	引	gravit	pejvo	14	2	
宇		宇	kosm	content	21	2	✓
宇ᵁ	u	宇	univers	content	3	2	
影		影	film	content	44	2	✓
影ᴼ	o	影	ombr	content	22	2	
映		映	kin	content	9	2	✓
映ᴱ	e	映	enantio	pejvo	6	2	
疫ᴱ	e	疫	epidemi	content	6	2	
疫		疫	pest	pejvo	6	2	✓
越		越	trans	prep	153	2	✓
越ᴶ	j	越	ju	content	3	2	
宴		宴	festen	content	7	2	✓
宴ᴮ	b	宴	banked	pejvo	4	2	
炎		炎	inflam	sci	25	2	✓
炎ᴷ	k	炎	katar	content	9	2	
央		央	centr	content	61	2	✓
央ᶜ	c	央	central	content	19	2	
横		横	horizontal	content	10	2	✓
横ᵀ	t	横	transvers	pejvo	6	2	
温		温	temperatur	content	12	2	✓
温ᵀ	t	温	termi	pejvo	5	2	
音		音	prononc	content	8	2	✓
音ᶠ	f	音	fonetik	content	4	2	
加		加	plus	func	8	2	✓
加ᴬ	a	加	adici	content	4	2	
火		火	fajr	content	61	2	✓
火ᴹ	m	火	mard	cal	4	2	
雅		雅	elegant	content	9	2	✓
雅ᴳ	g	雅	graci	content	8	2	
怪		怪	grotesk	content	6	2	✓
怪ᴹ	m	怪	monstr	content	5	2	
改		改	korekt	content	22	2	✓
改ᴹ	m	改	modif	content	7	2	
灰		灰	cindr	content	22	2	✓
灰ᴳ	g	灰	griz	content	21	2	
害		害	atenc	pejvo	9	2	✓
害ᴺ	n	害	noc	pejvo	6	2	
廓		廓	profil	pejvo	7	2	✓
廓ᴷ	k	廓	kontur	pejvo	5	2	
格		格	karakter	content	30	2	✓
格ᴸ	l	格	latis	pejvo	9	2	
核		核	nukle	content	44	2	✓
核ᴷ	k	核	kern	content	29	2	
隔		隔	izol	content	38	2	✓
隔ⱽ	v	隔	vand	pejvo	6	2	
革		革	led	content	28	2	✓
革ᴿ	r	革	revoluci	content	11	2	
叶		叶	foli	content	98	2	✓
叶ᴸ	l	叶	lob	pejvo	7	2	
官		官	oficial	content	11	2	✓
官ᴮ	b	官	burokrat	content	4	2	
干		干	sek	content	55	2	✓
干ᵀ	t	干	trunk	content	12	2	
款		款	fason	content	5	2	✓
款ᴿ	r	款	regal	content	4	2	
含		含	implic	pejvo	11	2	✓
含ᴵ	i	含	inkluziv	content	7	2	
玩		玩	lud	content	87	2	✓
玩ᴾ	p	玩	petol	content	11	2	
危		危	kriz	content	15	2	✓
危ᴰ	d	危	danĝer	content	13	2	
喜		喜	ĝoj	content	25	2	✓
喜ˢ̂	ŝ	喜	ŝat	content	15	2	
基		基	baz	content	47	2	✓
基ᶠ	f	基	fundament	content	19	2	
旗		旗	flag	content	19	2	✓
旗ˢ	s	旗	standard	content	3	2	
稀		稀	rar	pejvo	5	2	✓
稀ᴰ	d	稀	dilu	pejvo	5	2	
徽		徽	blazon	pejvo	7	2	✓
徽ᴵ	i	徽	insign	content	2	2	
疑		疑	dub	content	23	2	✓
疑ˢ	s	疑	suspekt	content	11	2	
求		求	pet	content	39	2	✓
求ᴾ	p	求	postul	content	16	2	
牛		牛	bov	content	37	2	✓
牛ᴮ	b	牛	bifstek	content	2	2	
境		境	medi	content	51	2	✓
境ᴱ	e	境	eko	pejvo	13	2	
曲		曲	kurb	content	23	2	✓
曲ᴷ	k	曲	kanzon	content	4	2	
近		近	proksim	content	28	2	✓
近ᴹ	m	近	miop	content	4	2	
苦		苦	sufer	content	16	2	✓
苦ᴬ	a	苦	amar	content	5	2	
愚		愚	idiot	content	6	2	✓
愚ˢ	s	愚	stult	content	5	2	
寓		寓	fabl	pejvo	6	2	✓
寓ᴬ	a	寓	apartament	content	3	2	
群		群	ar	suf	501	2	✓
群ᴳ	g	群	greg	content	5	2	
型		型	tip	content	42	2	✓
型ᴹ	m	型	muld	pejvo	9	2	
径		径	kalibr	pejvo	6	2	✓
径ᵀ	t	径	trotuar	content	3	2	
敬		敬	pi	content	17	2	✓
敬ᴿ	r	敬	respekt	content	15	2	
景ᴾ	p	景	panoram	content	4	2	
景		景	pejzaĝ	content	4	2	✓
桂		桂	lau^r	pejvo	9	2	✓
桂ᶜ	c	桂	cinam	content	5	2	
系		系	sistem	content	58	2	✓
系ᶠ	f	系	fakultat	pejvo	12	2	
激		激	ekscit	content	19	2	✓
激ˢ	s	激	stimul	content	9	2	
建		建	konstru	content	51	2	✓
建ᶠ	f	建	fond	content	21	2	
献		献	ofer	content	24	2	✓
献ᴰ	d	献	dediĉ	content	6	2	
古ᴬ	a	古	antikv	content	6	2	
古		古	arkeo	pejvo	6	2	✓
糊		糊	past	content	19	2	✓
糊ᴬ	a	糊	amel	pejvo	9	2	
股		股	femur	content	8	2	✓
股ᴬ	a	股	akci	content	7	2	
鼓		鼓	tambur	content	12	2	✓
鼓ᴬ	a	鼓	aplaŭd	content	5	2	
互		互	reciprok	content	11	2	✓
互ᴹ	m	互	mutual	pejvo	4	2	
交		交	trafik	content	29	2	✓
交ᴰ	d	交	diplomat	content	10	2	
候		候	klimat	content	33	2	✓
候ᴷ	k	候	kandidat	content	11	2	
公		公	publik	content	46	2	✓
公ᴶ	j	公	just	content	18	2	
喉		喉	gorĝ	content	15	2	✓
喉ᴸ	l	喉	laring	pejvo	11	2	
好		好	amator	content	8	2	✓
好ᴴ	h	好	hobi	content	2	2	
宏		宏	makro	pejvo	13	2	✓
宏ᴳ	g	宏	grandioz	content	5	2	
攻		攻	atak	content	23	2	✓
攻ᴬ	a	攻	agres	pejvo	10	2	
校		校	lice	content	5	2	✓
校ᴳ	g	校	gimnazi	content	4	2	
耕		耕	kultur	content	46	2	✓
耕ᴾ	p	耕	plug	content	17	2	
膏		膏	balzam	pejvo	7	2	✓
膏ᶜ	c	膏	cir	content	4	2	
航		航	aviad	content	30	2	✓
航ᴺ	n	航	navig	pejvo	10	2	
衡		衡	pes	content	22	2	✓
衡ᴱ	e	衡	ekvilibr	content	19	2	
号		号	signal	content	22	2	✓
号ᴺ	n	号	numer	content	21	2	
腰		腰	tali	content	9	2	✓
腰ᴸ	l	腰	lumb	content	5	2	
忽		忽	ignor	content	6	2	✓
忽ᴺ	n	忽	neglekt	content	3	2	
骨		骨	ost	content	52	2	✓
骨ˢ	s	骨	skelet	content	7	2	
叉		叉	fork	content	18	2	✓
叉ᴴ	h	叉	harpun	pejvo	5	2	
座		座	ing	suf	63	2	✓
座ᵀ	t	座	tron	pejvo	11	2	
再		再	re	pref	367	2	✓
再ᴮ	b	再	bis	func	4	2	
最		最	plej	func	34	2	✓
最ᴹ	m	最	minimum	content	8	2	
在		在	ant	suf	664	2	✓
在ᶜ̂	ĉ	在	ĉe	prep	22	2	
材		材	material	content	21	2	✓
材ˢ	s	材	statur	content	7	2	
作		作	verk	content	37	2	✓
作ᴬ	a	作	aŭtor	content	10	2	
索		索	rig	pejvo	5	2	✓
索ᴵ	i	索	indeks	content	4	2	
参		参	stab	content	7	2	✓
参ᴿ	r	参	referenc	content	6	2	
餐		餐	restoraci	content	4	2	✓
餐ᴾ	p	餐	piknik	content	2	2	
残		残	kruel	content	11	2	✓
残ᴷ	k	残	kripl	content	6	2	
始		始	ek	pref	147	2	✓
始ᴷ	k	始	komenc	content	24	2	
姿		姿	gest	content	13	2	✓
姿ᴾ	p	姿	poz	pejvo	4	2	
子		子	id	suf	108	2	✓
子ᴬ	a	子	atom	content	32	2	
志		志	grafi	sci	94	2	✓
志ᴬ	a	志	ambici	content	4	2	
思		思	pens	content	49	2	✓
思ᴹ	m	思	medit	content	5	2	
枝		枝	branĉ	content	24	2	✓
枝ⱽ	v	枝	verg	content	13	2	
死		死	mort	content	100	2	✓
死ᴺ	n	死	nekr	pejvo	5	2	
磁		磁	magnet	content	66	2	✓
磁ᴹ	m	磁	magnetofon	content	0	2	
室		室	ĉambr	content	68	2	✓
室ᴷ	k	室	kamer	pejvo	12	2	
受		受	it	suf	949	2	✓
受ᴬ	a	受	akcept	content	14	2	
授		授	profesor	content	9	2	✓
授ᴵ	i	授	inic	pejvo	5	2	
酬		酬	salajr	content	20	2	✓
酬ᴿ	r	酬	rekompenc	content	4	2	
柔		柔	mild	content	9	2	✓
柔ᵀ	t	柔	tener	content	2	2	
祝		祝	ben	content	10	2	✓
祝ᵀ	t	祝	tost	content	3	2	
熟		熟	matur	content	19	2	✓
熟ᶠ	f	熟	familiar	content	8	2	
述		述	rakont	content	15	2	✓
述ᴰ	d	述	dikt	content	4	2	
准		准	preciz	content	16	2	✓
准ᴬ	a	准	akurat	content	3	2	
巡		巡	kroz	pejvo	9	2	✓
巡ᴾ	p	巡	patrol	pejvo	7	2	
女		女	in	suf	359	2	✓
女ᶠ	f	女	feminism	content	0	2	
唱		唱	kant	content	49	2	✓
唱ᴴ̂	ĥ	唱	ĥor	content	14	2	
庄		庄	solen	content	16	2	✓
庄ᴮ	b	庄	bien	content	13	2	
症		症	fobi	pejvo	8	2	✓
症ˢ	s	症	simptom	pejvo	6	2	
笑		笑	rid	content	31	2	✓
笑ᴷ	k	笑	komik	content	7	2	
障		障	bar	content	32	2	✓
障ᴴ	h	障	handikap	pejvo	7	2	
上		上	super	prep	160	2	✓
上ˢ	s	上	sur	prep	129	2	
条		条	stri	content	24	2	✓
条ᴸ	l	条	lat	pejvo	8	2	
食		食	manĝ	content	86	2	✓
食ᴱ	e	食	eklips	pejvo	16	2	
振		振	oscil	pejvo	17	2	✓
振ⱽ	v	振	vibr	pejvo	15	2	
震		震	ŝok	content	9	2	✓
震ˢ	s	震	seism	pejvo	6	2	
逗		逗	ŝerc	content	13	2	✓
逗ᴷ	k	逗	kom	content	9	2	
睡		睡	dorm	content	46	2	✓
睡ᴾ	p	睡	piĵam	content	1	2	
随		随	sekv	content	34	2	✓
随ᴷ	k	随	kapric	content	4	2	
数据		数据	daten	pejvo	12	2	✓
数据ᴰ	d	数据	datum	pejvo	5	2	
整		整	tut	content	37	2	✓
整ᴬ	a	整	aranĝ	content	30	2	
醒		醒	vek	content	13	2	✓
醒ˢ	s	醒	sobr	content	7	2	
税		税	impost	content	44	2	✓
税ᴬ	a	税	akciz	pejvo	5	2	
石		石	ŝton	content	95	2	✓
石ᴰ	d	石	diant	content	5	2	
脊		脊	spin	pejvo	8	2	✓
脊ᶠ	f	脊	first	pejvo	7	2	
接		接	kontakt	content	23	2	✓
接ᴶ	j	接	junt	pejvo	11	2	
折		折	fald	content	36	2	✓
折ᴿ	r	折	refrakt	pejvo	14	2	
占		占	okup	content	17	2	✓
占ᴬ	a	占	au^gur	pejvo	10	2	
栓		栓	kran	content	9	2	✓
栓ᴮ	b	栓	bolt	pejvo	7	2	
洗		洗	lav	content	39	2	✓
洗ᴮ	b	洗	bapt	content	22	2	
潜		潜	plonĝ	content	7	2	✓
潜ᴸ	l	潜	latent	pejvo	6	2	
前		前	antaŭ	prep	174	2	✓
前ᶠ	f	前	front	content	27	2	
粗		粗	krud	content	22	2	✓
粗ᴿ	r	粗	rasp	pejvo	11	2	
素		素	element	content	20	2	✓
素ⱽ	v	素	vegetar	content	4	2	
鼠		鼠	mus	content	15	2	✓
鼠ᴿ	r	鼠	rat	content	6	2	
僧		僧	monah^	pejvo	11	2	✓
僧ᴹ	m	僧	monak	pejvo	6	2	
双		双	ge	pref	52	2	✓
双ᴰ	d	双	dual	pejvo	6	2	
相		相	relativ	content	20	2	✓
相ᶠ	f	相	faz	pejvo	17	2	
送		送	send	content	41	2	✓
送ᴱ	e	送	eksped	content	6	2	
霜		霜	frost	content	33	2	✓
霜ᴾ	p	霜	prujn	pejvo	5	2	
像		像	ŝajn	content	34	2	✓
像ˢ	s	像	statu	content	5	2	
促		促	akcel	content	15	2	✓
促ᶠ	f	促	forc	pejvo	7	2	
足		足	pied	content	81	2	✓
足ᴾ	p	足	pod	sci	29	2	
速		速	rapid	content	75	2	✓
速ᴱ	e	速	ekspres	content	11	2	
属		属	genr	pejvo	6	2	✓
属ᴬ	a	属	aparten	content	6	2	
尊		尊	dign	content	10	2	✓
尊ᴱ	e	尊	estim	content	9	2	
待		待	ot	suf	21	2	✓
待ᴬ	a	待	atend	content	15	2	
滞		滞	staz	pejvo	8	2	✓
滞ˢ	s	滞	stagn	pejvo	6	2	
袋		袋	sak	content	46	2	✓
袋ᴾ	p	袋	poŝ	content	24	2	
退ᴰ	d	退	degener	pejvo	7	2	
退		退	emerit	content	7	2	✓
棚		棚	bud	content	7	2	✓
棚ᴸ	l	棚	laŭb	content	2	2	
谷		谷	gren	content	15	2	✓
谷ⱽ	v	谷	val	content	13	2	
探		探	esplor	content	30	2	✓
探ˢ	s	探	sond	pejvo	13	2	
短ᴱ	e	短	efemer	pejvo	5	2	
短		短	kurt	pejvo	5	2	✓
胆		胆	gal	content	9	2	✓
胆ᴷ	k	胆	kole	pejvo	9	2	
忠		忠	fidel	content	13	2	✓
忠ᴸ	l	忠	lojal	content	9	2	
虫		虫	verm	content	22	2	✓
虫ᴵ	i	虫	insekt	content	19	2	
猪		猪	pork	content	18	2	✓
猪ᴬ	a	猪	apr	content	3	2	
超		超	meta	pejvo	26	2	✓
超ᴴ	h	超	hiper	pref	25	2	
直		直	rekt	content	38	2	✓
直ᴼ	o	直	orto	pejvo	9	2	
痛		痛	dolor	content	42	2	✓
痛ᴬ	a	痛	algi	suf	20	2	
通		通	dia	pejvo	21	2	✓
通ᴷ	k	通	korespond	content	10	2	
爪		爪	ung	content	15	2	✓
爪ᴷ	k	爪	klik	pejvo	11	2	
剃		剃	raz	content	13	2	✓
剃ᴮ	b	剃	barbir	content	3	2	
底		底	fon	content	79	2	✓
底ᶠ	f	底	fund	content	23	2	
提		提	suflor	pejvo	6	2	✓
提ᴹ	m	提	menci	content	5	2	
泥		泥	kot	content	12	2	✓
泥ˢ	s	泥	s^lim	pejvo	12	2	
笛		笛	fajf	content	10	2	✓
笛ᶠ	f	笛	flut	pejvo	10	2	
典		典	klasik	content	12	2	✓
典ᴱ	e	典	enciklopedi	content	4	2	
天		天	paradiz	content	7	2	✓
天ᴬ	a	天	astronomi	content	1	2	
堵		堵	ŝtop	content	37	2	✓
堵ᴼ	o	堵	obtur	pejvo	6	2	
度		度	grad	content	30	2	✓
度ˢ	s	度	skal	content	13	2	
土		土	grund	content	23	2	✓
土ˢ	s	土	sabat	cal	5	2	
投		投	ĵet	content	67	2	✓
投ˢ	s	投	spekul	pejvo	7	2	
当		当	deĵor	content	13	2	✓
当ᴸ	l	当	lombard	pejvo	9	2	
痘		痘	variol	pejvo	7	2	✓
痘ᴬ	a	痘	akn	content	2	2	
豆		豆	fab	content	9	2	✓
豆ᶠ	f	豆	fazeol	content	3	2	
逃		逃	eskap	content	7	2	✓
逃ᶠ	f	逃	fuĝ	content	6	2	
堂区		堂区	parok	pejvo	7	2	✓
堂区ᴾ	p	堂区	paroh^	pejvo	6	2	
撞		撞	kolizi	content	9	2	✓
撞ᴾ	p	撞	perkut	pejvo	6	2	
童		童	infan	content	59	2	✓
童ᶠ	f	童	fabel	content	10	2	
道		道	bulvard	content	3	2	✓
道ᴬ	a	道	avenu	content	1	2	
特许		特许	patent	pejvo	11	2	✓
特许ᴷ	k	特许	koncesi	pejvo	6	2	
独		独	apart	content	13	2	✓
独ᵁ	u	独	unik	content	7	2	
橡		橡	kverk	content	8	2	✓
橡ᴳ	g	橡	glan	pejvo	5	2	
凸		凸	ĝib	content	13	2	✓
凸ᴷ	k	凸	konveks	pejvo	10	2	
南		南	sud	content	28	2	✓
南ᴬ	a	南	antarkt	content	5	2	
肉		肉	karn	content	27	2	✓
肉ⱽ	v	肉	viand	content	21	2	
尿		尿	urin	content	18	2	✓
尿ᴾ	p	尿	pis	pejvo	7	2	
粘		粘	muk	pejvo	14	2	✓
粘ⱽ	v	粘	viskoz	pejvo	8	2	
破		破	romp	content	69	2	✓
破ᶜ̂	ĉ	破	ĉifon	content	12	2	
肺		肺	pulm	content	15	2	✓
肺ᴾ	p	肺	pneu^mon	pejvo	7	2	
配		配	distribu	content	16	2	✓
配ᴳ	g	配	gami	pejvo	15	2	
倍		倍	obl	suf	56	2	✓
倍ᴾ	p	倍	ploid	pejvo	9	2	
箱		箱	kest	content	42	2	✓
箱ⱽ	v	箱	valiz	content	4	2	
判		判	juĝ	content	40	2	✓
判ᴷ	k	判	kondamn	content	8	2	
反射		反射	reflekt	content	12	2	✓
反射ᴿ	r	反射	refleks	pejvo	6	2	
叛		叛	ribel	content	10	2	✓
叛ᴾ	p	叛	perfid	content	10	2	
版		版	format	content	12	2	✓
版ⱽ	v	版	versi	content	7	2	
卑		卑	fi	pref	12	2	✓
卑ᵀ	t	卑	trivial	pejvo	6	2	
悲		悲	aflikt	content	4	2	✓
悲ᵀ	t	悲	tragedi	content	4	2	
比		比	ol	func	26	2	✓
比ᴾ	p	比	proporci	content	14	2	
被		被	at	suf	232	2	✓
被ᴾ	p	被	pasiv	content	6	2	
避		避	evit	content	14	2	✓
避ᴿ	r	避	rifuĝ	content	7	2	
微		微	mikro	pref	50	2	✓
微ᴺ	n	微	nuanc	content	3	2	
鼻		鼻	naz	content	37	2	✓
鼻ᴿ	r	鼻	rin	pejvo	6	2	
必		必	neces	content	18	2	✓
必ᴺ	n	必	nepr	content	5	2	
百		百	cent	num	45	2	✓
百ᴴ	h	百	hekto	pejvo	6	2	
百万		百万	mega	pejvo	9	2	✓
百万ᴹ	m	百万	milion	num	7	2	
瓶		瓶	botel	content	32	2	✓
瓶ᴷ	k	瓶	karaf	content	2	2	
富		富	oz	suf	138	2	✓
富ᴿ	r	富	riĉ	content	69	2	
布		布	tol	content	22	2	✓
布ˢ̂	ŝ	布	ŝtof	content	11	2	
普		普	universal	content	22	2	✓
普ᴼ	o	普	ordinar	content	19	2	
符		符	sign	content	83	2	✓
符ˢ	s	符	simbol	content	14	2	
侮		侮	ofend	content	11	2	✓
侮ᴵ	i	侮	insult	content	7	2	
舞		舞	danc	content	31	2	✓
舞ᴮ	b	舞	bal	content	6	2	
封		封	feu^d	pejvo	15	2	✓
封ᴷ	k	封	kovert	content	2	2	
副		副	akcesor	pejvo	5	2	✓
副ᴬ	a	副	adverb	content	1	2	
物		物	aĵ	suf	1546	2	✓
物ᴼ	o	物	objekt	content	30	2	
物理		物理	fizik	content	31	2	✓
物理ᶠ	f	物理	fizi	pejvo	8	2	
平		平	nivel	content	36	2	✓
平ᴱ	e	平	eben	content	28	2	
片		片	pec	content	35	2	✓
片ˢ	s	片	split	content	8	2	
篇		篇	roman	content	28	2	✓
篇ᴺ	n	篇	novel	content	3	2	
鞭		鞭	vip	content	10	2	✓
鞭ᶠ	f	鞭	flagel	pejvo	5	2	
宝		宝	juvel	content	9	2	✓
宝ᵀ	t	宝	trezor	content	5	2	
泡		泡	bobel	pejvo	5	2	✓
泡ᴬ	a	泡	ampol	content	4	2	
烹		烹	kuir	content	41	2	✓
烹ᴳ	g	烹	gastronomi	content	0	2	
蜂		蜂	abel	content	21	2	✓
蜂ⱽ	v	蜂	vesp	content	4	2	
膨		膨	dilat	pejvo	19	2	✓
膨ᴱ	e	膨	ekspansi	pejvo	8	2	
防		防	defend	content	24	2	✓
防ᴾ	p	防	prevent	pejvo	10	2	
墨		墨	ink	content	16	2	✓
墨ᵀ	t	墨	tuc^	pejvo	12	2	
盆		盆	pelv	content	7	2	✓
盆ᴮ	b	盆	basen	pejvo	5	2	
魅		魅	ĉarm	content	10	2	✓
魅ᶠ	f	魅	fascin	pejvo	5	2	
棉		棉	koton	content	20	2	✓
棉ⱽ	v	棉	vat	content	16	2	
模		模	model	content	14	2	✓
模ˢ	s	模	s^ablon	pejvo	5	2	
毛		毛	har	content	82	2	✓
毛ᴸ	l	毛	lan	content	27	2	
目		目	okul	content	67	2	✓
目ᴼ	o	目	oftalm	pejvo	8	2	
勇		勇	kuraĝ	content	19	2	✓
勇ᴮ	b	勇	brav	content	8	2	
有		有	hav	content	78	2	✓
有ᴾ	p	有	posed	content	15	2	
用		用	uz	content	54	2	✓
用ᴬ	a	用	aplik	content	10	2	
羊		羊	ŝaf	content	27	2	✓
羊ᴷ	k	羊	kapr	content	15	2	
欲		欲	dezir	content	16	2	✓
欲ᴬ	a	欲	apetit	content	11	2	
酪		酪	krem	content	19	2	✓
酪ᶠ	f	酪	fromaĝ	content	9	2	
卵		卵	ov	content	41	2	✓
卵ᴼ	o	卵	ovol	pejvo	6	2	
李		李	prunus	pejvo	6	2	✓
李ᴾ	p	李	prun	content	4	2	
硫		硫	sulf	sci	26	2	✓
硫ˢ	s	硫	sulfur	pejvo	10	2	
亮		亮	bril	content	30	2	✓
亮ᴴ	h	亮	hel	content	27	2	
良		良	bon	content	152	2	✓
良ᴱ	e	良	eu^	pejvo	5	2	
量		量	kvant	content	20	2	✓
量ᴰ	d	量	doz	pejvo	13	2	
力		力	potenc	content	23	2	✓
力ᴰ	d	力	dinamik	pejvo	11	2	
林		林	forst	pejvo	7	2	✓
林ᴬ	a	林	ale	content	1	2	
淋		淋	duŝ	content	10	2	✓
淋ᴱ	e	淋	eluvi	pejvo	6	2	
令		令	komand	content	15	2	✓
令ᴼ	o	令	ordon	content	14	2	
例		例	ekzempl	content	9	2	✓
例ᴷ	k	例	kaz	content	6	2	
冷		冷	frid	pejvo	15	2	✓
冷ᴵ	i	冷	indiferent	content	6	2	
礼		礼	donac	content	13	2	✓
礼ᴳ̂	ĝ	礼	ĝentil	content	12	2	
乘		乘	vetur	content	72	2	✓
乘ᴹ	m	乘	multiplik	content	8	2	
傲		傲	arog	pejvo	7	2	✓
傲ᴬ	a	傲	arogant	content	0	2	
兔		兔	lepor	content	14	2	✓
兔ᴷ	k	兔	kunikl	content	4	2	
决		决	decid	content	37	2	✓
决ᴿ	r	决	rezoluci	content	3	2	
冲		冲	konflikt	content	12	2	✓
冲ᴵ	i	冲	impuls	content	11	2	
况		况	situaci	content	10	2	✓
况ᶜ	c	况	cirkonstanc	content	7	2	
厂		厂	fabrik	content	22	2	✓
厂ᵁ	u	厂	uzin	content	2	2	
听		听	aŭd	content	29	2	✓
听ᴬ	a	听	aŭskult	content	12	2	
孕		孕	koncip	pejvo	13	2	✓
孕ᴳ	g	孕	graved	content	9	2	
并		并	paralel	content	18	2	✓
并ᴬ	a	并	aneks	pejvo	5	2	
广		广	vast	content	31	2	✓
广ᴬ	a	广	ampleks	content	14	2	
揉		揉	kned	content	8	2	✓
揉ᵀ	t	揉	tau^z	pejvo	7	2	
收		收	ricev	content	23	2	✓
收ᴬ	a	收	adopt	content	16	2	
无		无	sen	prep	689	2	✓
无ᴺ	n	无	neni	pejvo	10	2	
无产		无产	prolet	content	6	2	✓
无产ᴾ	p	无产	proletari	content	1	2	
杰		杰	eminent	content	15	2	✓
杰ᴴ	h	杰	hero	content	10	2	
框		框	kadr	content	25	2	✓
框ᶠ	f	框	fram	pejvo	6	2	
档		档	dosier	content	21	2	✓
档ᴰ	d	档	dokument	content	14	2	
楔		楔	kojn	pejvo	9	2	✓
楔ᴷ	k	楔	kejl	content	7	2	
椰		椰	palm	content	22	2	✓
椰ᴷ	k	椰	kokos	content	9	2	
渣ᴿ	r	渣	rekrement	pejvo	5	2	
渣		渣	feĉ	content	5	2	✓
游		游	naĝ	content	47	2	✓
游ᵀ	t	游	turism	content	18	2	
爬		爬	grimp	content	19	2	✓
爬ᴿ	r	爬	ramp	content	11	2	
猜		猜	diven	content	25	2	✓
猜ᴷ	k	猜	konjekt	content	5	2	
瓣		瓣	klap	pejvo	25	2	✓
瓣ᴾ	p	瓣	petal	pejvo	14	2	
痒		痒	juk	content	7	2	✓
痒ᵀ	t	痒	tikl	content	7	2	
盒		盒	skatol	content	16	2	✓
盒ᴷ	k	盒	kased	content	7	2	
硅		硅	siliciat	pejvo	8	2	✓
硅ˢ	s	硅	silici	elem	2	2	
窗		窗	fenestr	content	35	2	✓
窗ᴳ	g	窗	giĉet	content	1	2	
网		网	ret	content	64	2	✓
网ᵀ	t	网	tenis	content	8	2	
翅		翅	pter	sci	18	2	✓
翅ᴾ	p	翅	pterig	pejvo	7	2	
胚		胚	embri	pejvo	13	2	✓
胚ᴮ	b	胚	blast	pejvo	10	2	
衫		衫	ĉemiz	content	14	2	✓
衫ᴮ	b	衫	bluz	content	2	2	
袍		袍	rob	content	13	2	✓
袍ˢ	s	袍	surtut	content	3	2	
醋		醋	vinagr	pejvo	10	2	✓
醋ᴬ	a	醋	acet	pejvo	7	2	
鞋		鞋	ŝu	content	44	2	✓
鞋ᴾ	p	鞋	pantofl	content	3	2	
髓		髓	medol	pejvo	12	2	✓
髓ᴹ	m	髓	mjel	pejvo	7	2	
黑		黑	nigr	content	60	2	✓
黑ᴺ	n	黑	negr	pejvo	7	2	
丝		丝	faden	content	39	2	✓
丝ˢ	s	丝	silk	content	22	2	
为		为	por	prep	32	2	✓
为ᴬ	a	为	akt	content	10	2	
举		举	lev	content	44	2	✓
举ᴷ	k	举	kondut	content	9	2	
产		产	produkt	content	50	2	✓
产ᴬ	a	产	akuŝ	content	17	2	
份		份	da	prep	15	2	✓
份ᴾ	p	份	porci	content	7	2	
伞		伞	paraŝut	content	8	2	✓
伞ᴼ	o	伞	ombrel	content	5	2	
倾		倾	em	suf	436	2	✓
倾ᴵ	i	倾	inklin	content	8	2	
储		储	rezerv	content	29	2	✓
储ˢ	s	储	stok	content	5	2	
关		关	rilat	content	22	2	✓
关ᴰ	d	关	dogan	content	10	2	
军		军	arme	content	18	2	✓
军ᴹ	m	军	militar	pejvo	6	2	
农		农	agr	pejvo	14	2	✓
农ᴬ	a	农	agrikultur	pejvo	5	2	
剑		剑	glav	content	14	2	✓
剑ˢ	s	剑	spad	pejvo	6	2	
协		协	kooper	pejvo	8	2	✓
协ᴷ	k	协	kooperativ	content	6	2	
厅		厅	salon	content	12	2	✓
厅ᴴ	h	厅	hal	content	5	2	
压		压	prem	content	102	2	✓
压ᵀ	t	压	tensi	pejvo	17	2	
厌		厌	abomen	content	9	2	✓
厌ᴱ	e	厌	enu	content	8	2	
发电		发电	generator	pejvo	11	2	✓
发电ᴰ	d	发电	dinam	pejvo	7	2	
变		变	ŝanĝ	content	62	2	✓
变ⱽ	v	变	vari	content	24	2	
吨		吨	tun	content	6	2	✓
吨ᵀ	t	吨	tonel	pejvo	5	2	
喷		喷	ŝpruc	content	27	2	✓
喷ᴶ	j	喷	jet	content	3	2	
喻		喻	trop	pejvo	20	2	✓
喻ᴹ	m	喻	metafor	pejvo	4	2	
园		园	ĝarden	content	39	2	✓
园ᴾ	p	园	park	content	19	2	
圆		圆	rond	content	36	2	✓
圆ᶜ	c	圆	cirkl	content	23	2	
场		场	scen	content	16	2	✓
场ᴾ	p	场	plac	content	3	2	
块		块	blok	content	28	2	✓
块ᴾ	p	块	parcel	pejvo	5	2	
垫		垫	kusen	content	14	2	✓
垫ᴹ	m	垫	matrac	content	5	2	
壶		壶	pot	content	27	2	✓
壶ᴷ	k	壶	kruĉ	content	9	2	
处		处	lok	content	77	2	✓
处ᴰ	d	处	dispon	content	6	2	
头		头	kap	content	102	2	✓
头ᶜ	c	头	cefal	pejvo	16	2	
夹		夹	kramp	content	11	2	✓
夹ˢ	s	夹	sandviĉ	content	7	2	
宁		宁	prefer	content	10	2	✓
宁ˢ	s	宁	seren	content	9	2	
实		实	real	content	34	2	✓
实ᴱ	e	实	efektiv	content	0	2	
审		审	cenzur	pejvo	7	2	✓
审ᴿ	r	审	revizi	content	6	2	
宫		宫	uter	pejvo	16	2	✓
宫ᴾ	p	宫	palac	content	7	2	
宽		宽	larĝ	content	29	2	✓
宽ᴸ	l	宽	liberal	content	3	2	
层		层	tavol	content	22	2	✓
层ᴱ	e	层	etaĝ	content	16	2	
废		废	rub	content	22	2	✓
废ᴿ	r	废	ruin	content	13	2	
开		开	ŝalt	content	25	2	✓
开ᴵ	i	开	inaŭgur	content	5	2	
态		态	stat	content	41	2	✓
态ᴱ	e	态	ekologi	content	0	2	
恼		恼	ĉagren	content	6	2	✓
恼ᴵ	i	恼	irit	content	3	2	
惯		惯	inerci	pejvo	9	2	✓
惯ᴿ	r	惯	rutin	pejvo	8	2	
战		战	milit	content	92	2	✓
战ᴮ	b	战	batal	content	45	2	
扫		扫	bala	content	13	2	✓
扫ˢ	s	扫	skan	pejvo	8	2	
扰		扰	ĝen	content	23	2	✓
扰ᴾ	p	扰	perturb	pejvo	12	2	
拖		拖	tren	content	16	2	✓
拖ᵀ	t	拖	traktor	content	2	2	
换		换	komut	pejvo	11	2	✓
换ᴾ	p	换	permut	pejvo	6	2	
揭		揭	rivel	content	11	2	✓
揭ᴰ	d	揭	denunc	content	5	2	
杀		杀	icid	pejvo	10	2	✓
杀ᴹ	m	杀	murd	pejvo	6	2	
杂		杂	divers	content	24	2	✓
杂ᴴ	h	杂	hibrid	pejvo	6	2	
权		权	rajt	content	62	2	✓
权ᴬ	a	权	aŭtoritat	content	6	2	
构		构	struktur	content	14	2	✓
构ᴵ	i	构	instituci	pejvo	6	2	
标		标	cel	content	45	2	✓
标ᴹ	m	标	mark	content	37	2	
栏		栏	kolumn	content	2	2	✓
栏ᴿ	r	栏	rubrik	content	1	2	
桩		桩	stump	content	9	2	✓
桩ᴾ	p	桩	palis	content	8	2	
椭圆		椭圆	elips	pejvo	5	2	✓
椭圆ᴼ	o	椭圆	oval	content	3	2	
汇		汇	konverg^	pejvo	8	2	✓
汇ᴷ	k	汇	kambi	pejvo	6	2	
污		污	polu	sci	23	2	✓
污ᴹ	m	污	makul	content	18	2	
沉		沉	merg	pejvo	13	2	✓
沉ˢ	s	沉	sediment	pejvo	10	2	
沟		沟	sulk	content	18	2	✓
沟ᴷ	k	沟	kloak	pejvo	10	2	
沥青		沥青	pec^	pejvo	7	2	✓
沥青ᴮ	b	沥青	bitum	pejvo	6	2	
涂		涂	ŝmir	content	19	2	✓
涂ˢ	s	涂	stuk	pejvo	7	2	
涡		涡	kirl	pejvo	16	2	✓
涡ᵀ	t	涡	turbin	pejvo	12	2	
满		满	plen	content	151	2	✓
满ᴷ	k	满	kontent	content	18	2	
灾		灾	katastrof	content	6	2	✓
灾ᴾ	p	灾	plag	content	2	2	
炽		炽	ard	content	14	2	✓
炽ᴵ	i	炽	inkandesk	pejvo	7	2	
焊		焊	lut	pejvo	10	2	✓
焊ⱽ	v	焊	veld	pejvo	5	2	
瘫		瘫	paraliz	pejvo	10	2	✓
瘫ᴾ	p	瘫	pane	content	5	2	
矾		矾	vitriol	pejvo	7	2	✓
矾ᴬ	a	矾	alun	pejvo	5	2	
碳		碳	karbon	content	33	2	✓
碳ᴷ	k	碳	karbur	pejvo	5	2	
积		积	kumulus	pejvo	4	2	✓
积ⱽ	v	积	volumen	content	3	2	
笔		笔	krajon	content	15	2	✓
笔ᴾ	p	笔	penik	content	9	2	
类ᴷ	k	类	klasifik	content	6	2	
类		类	kategori	content	6	2	✓
粪		粪	fek	pejvo	11	2	✓
粪ˢ	s	粪	sterk	content	9	2	
紧		紧	streĉ	content	36	2	✓
紧ˢ	s	紧	strikt	pejvo	7	2	
级		级	klas	content	30	2	✓
级ᴿ	r	级	rang	content	21	2	
纹		纹	frang^	pejvo	8	2	✓
纹ᵀ	t	纹	tatu	pejvo	5	2	
细		细	delikat	content	27	2	✓
细ᴰ	d	细	detal	content	19	2	
终		终	fin	content	50	2	✓
终ᶠ	f	终	final	pejvo	5	2	
经济		经济	ekonomi	content	33	2	✓
经济ᴱ	e	经济	ekonomik	content	5	2	
统		统	tradici	content	6	2	✓
统ᴾ	p	统	prezident	content	6	2	
续		续	daŭr	content	40	2	✓
续ᴷ	k	续	kontinu	sci	23	2	
缀		缀	sufiks	content	5	2	✓
缀ᴾ	p	缀	prefiks	content	3	2	
缝		缝	kudr	content	27	2	✓
缝ˢ	s	缝	steb	pejvo	5	2	
缩		缩	ful	pejvo	6	2	✓
缩ᴹ	m	缩	miniatur	pejvo	6	2	
职		职	ofic	content	38	2	✓
职ᴾ	p	职	profesi	content	13	2	
肾		肾	nefr	pejvo	11	2	✓
肾ᴿ	r	肾	ren	content	10	2	
脑		脑	cerb	content	33	2	✓
脑ᴱ	e	脑	encefal	pejvo	11	2	
脓		脓	pio	pejvo	5	2	✓
脓ᴾ	p	脓	pus	content	5	2	
艺		艺	art	content	81	2	✓
艺ᴹ	m	艺	meti	content	11	2	
荡		荡	vag	content	26	2	✓
荡ᴰ	d	荡	diboc^	pejvo	13	2	
荣		荣	glor	content	23	2	✓
荣ᴾ	p	荣	prosper	content	12	2	
获		获	akir	content	21	2	✓
获ᴿ	r	获	rikolt	content	12	2	
萝		萝	rafan	content	3	2	✓
萝ᴷ	k	萝	karot	content	2	2	
蚀		蚀	kau^stik	pejvo	9	2	✓
蚀ᴷ	k	蚀	korod	pejvo	7	2	
裤		裤	pantalon	content	12	2	✓
裤ᴷ	k	裤	kalson	content	7	2	
视		视	televid	content	20	2	✓
视ⱽ	v	视	vide	pejvo	13	2	
订		订	abon	content	24	2	✓
订ᴹ	m	订	mend	content	21	2	
认		认	kon	content	44	2	✓
认ᴷ	k	认	konfes	content	12	2	
让		让	ced	content	22	2	✓
让ᴬ	a	让	alien	pejvo	5	2	
训		训	trejn	content	11	2	✓
训ᴵ	i	训	instrukci	pejvo	6	2	
许		许	permes	content	21	2	✓
许ᴸ	l	许	licenc	content	5	2	
设		设	supoz	content	14	2	✓
设ᴱ	e	设	establ	content	11	2	
访		访	vizit	content	19	2	✓
访ᴵ	i	访	intervju	content	6	2	
诈		诈	artifik	pejvo	7	2	✓
诈ᶠ	f	诈	frau^d	pejvo	6	2	
诉		诉	akuz	content	10	2	✓
诉ᴾ	p	诉	plend	content	9	2	
词		词	vort	content	87	2	✓
词ᵀ	t	词	termin	content	7	2	
译		译	traduk	content	23	2	✓
译ᴵ	i	译	interpret	content	12	2	
诚		诚	honest	content	18	2	✓
诚ˢ	s	诚	sincer	content	7	2	
话		话	parol	content	73	2	✓
话ᴰ	d	话	dialog	content	0	2	
语		语	lingv	content	188	2	✓
语ᴳ	g	语	gramatik	content	13	2	
诱		诱	indukt	pejvo	22	2	✓
诱ᵀ	t	诱	tent	content	6	2	
课		课	kurs	content	26	2	✓
课ᴸ	l	课	lecion	content	4	2	
谄		谄	flat	content	14	2	✓
谄ᴸ	l	谄	lake	pejvo	5	2	
谋		谋	konspir	pejvo	7	2	✓
谋ᴵ	i	谋	intrig	pejvo	5	2	
谜		谜	enigm	content	7	2	✓
谜ᴹ	m	谜	mister	content	4	2	
谦		谦	humil	content	13	2	✓
谦ᴹ	m	谦	modest	content	8	2	
谨		谨	diskret	pejvo	6	2	✓
谨ˢ	s	谨	skrupul	pejvo	5	2	
账		账	kont	content	25	2	✓
账ᶠ	f	账	faktur	content	3	2	
贴		贴	afiŝ	content	10	2	✓
贴ᴬ	a	贴	afrank	content	4	2	
贵		贵	nobl	content	13	2	✓
贵ᴺ	n	贵	nobel	pejvo	10	2	
资		资	kapital	content	26	2	✓
资ᴮ	b	资	burĝ	content	8	2	
赛		赛	turnir	pejvo	5	2	✓
赛ᴹ	m	赛	matĉ	content	2	2	
跷		跷	baskul	pejvo	13	2	✓
跷ˢ	s	跷	stilz	pejvo	5	2	
轨		轨	rel	content	31	2	✓
轨ᴼ	o	轨	orbit	pejvo	6	2	
轮		轮	rad	content	60	2	✓
轮ⱽ	v	轮	verticil	pejvo	6	2	
轴		轴	aks	content	18	2	✓
轴ˢ	s	轴	s^aft	pejvo	5	2	
辅		辅	asist	content	7	2	✓
辅ᴷ	k	辅	konsonant	content	4	2	
运		运	port	content	70	2	✓
运ᶠ	f	运	fortun	content	4	2	
还		还	plu	func	21	2	✓
还ᴬ	a	还	ankoraŭ	func	4	2	
进		进	progres	content	18	2	✓
进ᴵ	i	进	import	content	9	2	
邮		邮	poŝt	content	56	2	✓
邮ᶠ	f	邮	filatel	content	2	2	
酶		酶	az	pejvo	17	2	✓
酶ᴱ	e	酶	enzim	pejvo	7	2	
针		针	pingl	content	22	2	✓
针ᴺ	n	针	nadl	content	8	2	
钙		钙	kalk	content	21	2	✓
钙ᴷ	k	钙	kalci	elem	8	2	
钩		钩	hok	content	25	2	✓
钩ᴷ	k	钩	kroĉ	content	12	2	
钻		钻	bor	content	28	2	✓
钻ᴰ	d	钻	diamant	content	4	2	
铀		铀	urani	pejvo	6	2	✓
铀ᵁ	u	铀	uran	elem	1	2	
银		银	bank	content	34	2	✓
银ᴬ	a	银	arĝent	content	10	2	
铺ˢ	s	铺	stern	content	8	2	
铺		铺	pavim	pejvo	8	2	✓
链		链	ĉen	content	46	2	✓
链ᴷ	k	链	katen	content	13	2	
锁		锁	ŝlos	content	26	2	✓
锁ˢ	s	锁	serur	content	7	2	
锐		锐	akr	content	26	2	✓
锐ᴬ	a	锐	akut	pejvo	9	2	
锥		锥	konus	pejvo	16	2	✓
锥ᴾ	p	锥	piramid	pejvo	6	2	
长		长	estr	suf	90	2	✓
长ᴸ	l	长	long	content	82	2	
阁		阁	moŝt	content	10	2	✓
阁ᴷ	k	阁	kabinet	content	5	2	
队		队	team	content	10	2	✓
队ᴷ	k	队	karavan	content	6	2	
陡		陡	krut	content	10	2	✓
陡ᴬ	a	陡	abrupt	content	4	2	
项		项	term	content	61	2	✓
项ᴺ	n	项	nuk	content	5	2	
顽		顽	obstin	content	7	2	✓
顽ᴮ	b	顽	bub	content	6	2	
领		领	teritori	content	13	2	✓
领ᴷ	k	领	kravat	content	4	2	
颜		颜	vizaĝ	content	16	2	✓
颜ᶠ	f	颜	farb	content	12	2	
饮		饮	trink	content	26	2	✓
饮ᴰ	d	饮	drink	content	16	2	
饰		饰	ornam	content	22	2	✓
饰ᴰ	d	饰	dekoraci	content	6	2	
饱		饱	sat	content	27	2	✓
饱ˢ	s	饱	satur	pejvo	14	2	
馆		馆	hotel	content	7	2	✓
馆ᴹ	m	馆	muze	content	5	2	
驾		驾	stir	pejvo	24	2	✓
驾ˢ̂	ŝ	驾	ŝofor	content	2	2	
鸣		鸣	tint	content	12	2	✓
鸣ᴮ	b	鸣	blek	content	8	2	
鸦		鸦	korv	content	7	2	✓
鸦ᴷ	k	鸦	kornik	content	3	2	
鹅		鹅	anser	content	13	2	✓
鹅ᶜ	c	鹅	cign	content	4	2	
龙骨ᴷ	k	龙骨	karen	pejvo	5	2	
龙骨		龙骨	kil	pejvo	5	2	✓
葵		葵	malv	content	5	1	✓
芦荟		芦荟	alo	pejvo	7	1	✓
或		或	aŭ	func	4	1	✓
粟		粟	mili	pejvo	6	1	✓
安		安	sekur	content	31	1	✓
安息香		安息香	benzo	pejvo	8	1	✓
安乐死		安乐死	eu^tanazi	pejvo	5	1	✓
按		按	laŭ	prep	88	1	✓
暗示		暗示	sugesti	pejvo	6	1	✓
案		案	projekt	content	10	1	✓
鞍		鞍	sel	pejvo	15	1	✓
杏		杏	abrikot	content	5	1	✓
以		以	per	prep	55	1	✓
威		威	impon	content	6	1	✓
尉		尉	leŭtenant	content	4	1	✓
慰		慰	konsol	content	8	1	✓
易		易	facil	content	34	1	✓
椅		椅	seĝ	content	34	1	✓
移		移	translaci	pejvo	5	1	✓
衣		衣	vest	content	70	1	✓
井		井	put	content	9	1	✓
育		育	kresk	content	43	1	✓
郁		郁	tulip	content	2	1	✓
一		一	unu	num	174	1	✓
一月		一月	januar	cal	1	1	✓
姻		姻	bo	pref	20	1	✓
引信		引信	fuze	pejvo	5	1	✓
淫		淫	porn	pejvo	13	1	✓
院长		院长	abat	pejvo	4	1	✓
右		右	dekstr	content	43	1	✓
羽		羽	plum	content	34	1	✓
雨		雨	pluv	content	52	1	✓
丑		丑	skandal	content	5	1	✓
厩		厩	stal	content	11	1	✓
云		云	nub	content	24	1	✓
云杉		云杉	pice	content	7	1	✓
云母		云母	glim	pejvo	5	1	✓
永		永	etern	content	12	1	✓
液		液	likv	content	25	1	✓
液压		液压	hidrau^lik	pejvo	6	1	✓
益		益	util	content	28	1	✓
悦		悦	plaĉ	content	13	1	✓
延		延	prokrast	content	14	1	✓
怨		怨	grumbl	content	5	1	✓
演		演	aktor	content	8	1	✓
演说		演说	orator	content	6	1	✓
燕		燕	hirund	content	13	1	✓
燕尾		燕尾	frak	content	2	1	✓
猿		猿	simi	content	12	1	✓
凹		凹	konkav	pejvo	10	1	✓
往		往	ir	content	140	1	✓
王		王	reĝ	content	39	1	✓
黄		黄	flav	content	31	1	✓
黄道带		黄道带	zodiak	pejvo	5	1	✓
黄癣		黄癣	fav	pejvo	5	1	✓
黄铜		黄铜	latun	content	4	1	✓
屋		屋	dom	content	80	1	✓
牡牛		牡牛	tau^r	pejvo	10	1	✓
下		下	sub	prep	230	1	✓
化学		化学	kemi	content	25	1	✓
化石		化石	fosili	pejvo	5	1	✓
何a		何a	kia	correl	2	1	✓
何e		何e	kie	correl	2	1	✓
何o		何o	kio	correl	1	1	✓
何u		何u	kiu	correl	2	1	✓
何因		何因	kial	correl	5	1	✓
何之		何之	kies	correl	1	1	✓
何量		何量	kiom	correl	10	1	✓
何时		何时	kiam	correl	7	1	✓
何样		何样	kiel	correl	13	1	✓
可		可	ebl	suf	432	1	✓
夏		夏	somer	content	30	1	✓
嫁接		嫁接	greft	pejvo	10	1	✓
寡		寡	vidv	content	7	1	✓
暇		暇	feri	content	7	1	✓
果酱		果酱	marmelad	content	6	1	✓
歌剧		歌剧	oper	content	9	1	✓
河		河	river	content	25	1	✓
火花		火花	spark	pejvo	6	1	✓
火山		火山	vulkan	content	22	1	✓
火箭		火箭	raket	pejvo	6	1	✓
花		花	flor	content	87	1	✓
花冠		花冠	korol	pejvo	16	1	✓
花序		花序	infloresk	pejvo	5	1	✓
花环		花环	girland	content	2	1	✓
花边		花边	punt	content	5	1	✓
茄		茄	tomat	content	3	1	✓
蚊		蚊	moskit	content	5	1	✓
我		我	mi	func	20	1	✓
我们		我们	ni	func	9	1	✓
画		画	bild	content	46	1	✓
介电		介电	dielektrik	pejvo	6	1	✓
会士		会士	kanonik	pejvo	5	1	✓
回		回	eĥ	content	13	1	✓
快		快	agrabl	content	10	1	✓
悔		悔	pent	content	12	1	✓
戒		戒	abstin	content	8	1	✓
海		海	mar	content	167	1	✓
海盗		海盗	pirat	pejvo	6	1	✓
海豹		海豹	fok	pejvo	6	1	✓
海绵		海绵	spong	content	8	1	✓
芥		芥	mustard	content	4	1	✓
蟹		蟹	krab	content	3	1	✓
外科		外科	kirurg	content	2	1	✓
外阴		外阴	vulv	pejvo	6	1	✓
咳		咳	tus	content	8	1	✓
涯		涯	karier	content	7	1	✓
碍		碍	obstakl	content	3	1	✓
街		街	strat	content	29	1	✓
蛙		蛙	ran	content	8	1	✓
各		各	respektiv	content	2	1	✓
核桃		核桃	jugland	pejvo	5	1	✓
核糖体		核糖体	ribosom	pejvo	4	1	✓
学家		学家	log	suf	144	1	✓
潟湖		潟湖	lagun	pejvo	5	1	✓
括		括	parentez	content	3	1	✓
滑翔		滑翔	glis	pejvo	5	1	✓
褐		褐	brun	content	28	1	✓
叶绿		叶绿	klorofil	pejvo	5	1	✓
粥		粥	kaĉ	content	14	1	✓
瓦		瓦	tegol	content	6	1	✓
完		完	perfekt	content	16	1	✓
憾		憾	bedaŭr	content	9	1	✓
敢		敢	aŭdac	content	3	1	✓
棺		棺	ĉerk	content	8	1	✓
汗		汗	ŝvit	content	22	1	✓
甘		甘	dolĉ	content	32	1	✓
看		看	rigard	content	44	1	✓
肝		肝	hepat	content	18	1	✓
丸		丸	pilol	content	3	1	✓
岸		岸	bord	content	18	1	✓
癌		癌	kancer	content	19	1	✓
眼		眼	mas^	pejvo	12	1	✓
岩		岩	rok	content	33	1	✓
岩浆		岩浆	magm	pejvo	5	1	✓
基金		基金	fondus	pejvo	5	1	✓
寄生		寄生	parazit	pejvo	9	1	✓
机车		机车	lokomotiv	content	5	1	✓
棋		棋	ŝak	content	19	1	✓
汽		汽	vapor	content	42	1	✓
祈		祈	preĝ	content	18	1	✓
季		季	sezon	content	23	1	✓
妓		妓	prostitu	pejvo	9	1	✓
宜		宜	dec	content	8	1	✓
菊		菊	krizantem	content	5	1	✓
黍		黍	panic	content	2	1	✓
却		却	tamen	func	2	1	✓
虐		虐	turment	content	13	1	✓
仇		仇	venĝ	content	11	1	✓
休		休	ripoz	content	12	1	✓
急		急	urĝ	content	22	1	✓
急救		急救	sukur	pejvo	5	1	✓
救		救	sav	content	37	1	✓
朽		朽	kaduk	content	16	1	✓
汲		汲	ĉerp	content	16	1	✓
球门		球门	gol	pejvo	7	1	✓
旧		旧	eks	pref	44	1	✓
牛蒡		牛蒡	lap	content	2	1	✓
拒		拒	rifuz	content	6	1	✓
渠		渠	kanal	content	23	1	✓
距		距	distanc	content	23	1	✓
享		享	ĝu	content	13	1	✓
共济会		共济会	framason	pejvo	5	1	✓
共轭		共轭	konjug	pejvo	8	1	✓
叫		叫	kri	content	32	1	✓
恐		恐	terur	content	8	1	✓
教条		教条	dogm	pejvo	8	1	✓
教理		教理	kateh^iz	pejvo	5	1	✓
狂欢		狂欢	karnaval	content	2	1	✓
胸		胸	brust	content	30	1	✓
曲柄		曲柄	krank	pejvo	5	1	✓
曲棍球		曲棍球	hoke	pejvo	5	1	✓
勤		勤	diligent	content	10	1	✓
巾		巾	tuk	content	30	1	✓
禁		禁	tabu	content	6	1	✓
筋		筋	muskol	content	16	1	✓
芹		芹	celeri	pejvo	7	1	✓
九		九	naŭ	num	11	1	✓
九月		九月	septembr	cal	2	1	✓
句法		句法	sintaks	pejvo	7	1	✓
矩		矩	momant	pejvo	10	1	✓
偶像		偶像	idol	pejvo	7	1	✓
遇		遇	renkont	content	10	1	✓
串		串	grapol	pejvo	7	1	✓
屈		屈	fleksi	pejvo	5	1	✓
掘		掘	fos	content	27	1	✓
靴		靴	bot	content	13	1	✓
熊		熊	urs	content	22	1	✓
栗		栗	kaŝtan	content	12	1	✓
桑		桑	morus	pejvo	5	1	✓
君		君	sinjor	content	16	1	✓
刑		刑	kriminal	pejvo	8	1	✓
兄		兄	frat	content	30	1	✓
系数		系数	koeficient	pejvo	10	1	✓
茎		茎	tig	content	17	1	✓
激流		激流	torent	content	8	1	✓
穴		穴	tru	content	48	1	✓
血清		血清	ser	pejvo	15	1	✓
月经		月经	menstru	pejvo	12	1	✓
件		件	kondiĉ	content	23	1	✓
健		健	san	content	91	1	✓
券		券	kupon	content	6	1	✓
拳		拳	pugn	content	8	1	✓
拳击		拳击	boks	pejvo	10	1	✓
犬		犬	hund	content	60	1	✓
研		研	stud	content	19	1	✓
肩		肩	ŝultr	content	19	1	✓
元		元	vokal	content	5	1	✓
弦		弦	kord	content	16	1	✓
玄		玄	mistik	pejvo	6	1	✓
言		言	dialekt	content	6	1	✓
呼		呼	vok	content	29	1	✓
固		固	solid	content	19	1	✓
孤		孤	orf	content	7	1	✓
弧		弧	ark	content	34	1	✓
故		故	do	func	2	1	✓
枯		枯	velk	content	15	1	✓
湖		湖	lag	content	29	1	✓
狐		狐	vulp	content	11	1	✓
胡		胡	barb	content	22	1	✓
胡狼		胡狼	ŝakal	content	1	1	✓
虎		虎	tigr	content	4	1	✓
雇		雇	dung	content	23	1	✓
五		五	kvin	num	31	1	✓
五月		五月	maj	cal	8	1	✓
吾		吾	ego	pejvo	9	1	✓
侯		侯	princ	content	17	1	✓
光		光	lum	content	135	1	✓
光学		光学	optik	pejvo	16	1	✓
公爵		公爵	duk	pejvo	5	1	✓
公顷		公顷	hektar	content	1	1	✓
功		功	funkci	content	34	1	✓
厚		厚	dik	content	39	1	✓
口鼻		口鼻	muzel	content	2	1	✓
向		向	al	prep	269	1	✓
后		后	post	prep	106	1	✓
孔		孔	apertur	content	5	1	✓
孔雀		孔雀	pav	content	4	1	✓
巧		巧	lert	content	19	1	✓
幸		幸	feliĉ	content	20	1	✓
恒		恒	konstant	content	24	1	✓
慌		慌	panik	content	5	1	✓
更		更	pli	func	88	1	✓
港		港	haven	content	14	1	✓
甲状		甲状	tiroid	pejvo	9	1	✓
甲板		甲板	ferdek	pejvo	12	1	✓
皇		皇	pap	content	9	1	✓
稿		稿	manuskript	content	2	1	✓
肯		肯	aprob	content	9	1	✓
行		行	ad	suf	1555	1	✓
酵		酵	ferment	pejvo	13	1	✓
酵母		酵母	gist	pejvo	11	1	✓
香豌豆		香豌豆	latir	pejvo	5	1	✓
高		高	alt	content	94	1	✓
高利		高利	uzur	pejvo	5	1	✓
高粱		高粱	sorg	content	1	1	✓
劫		劫	kaper	pejvo	7	1	✓
拷		拷	tortur	pejvo	9	1	✓
克		克	gram	content	54	1	✓
国库		国库	fisk	pejvo	6	1	✓
今		今	hodiaŭ	func	5	1	✓
婚		婚	fianĉ	content	16	1	✓
根		根	radik	content	41	1	✓
混		混	miks	content	43	1	✓
混凝		混凝	beton	pejvo	11	1	✓
魂		魂	anim	content	33	1	✓
些		些	kelk	content	22	1	✓
唆		唆	instig	content	8	1	✓
沙		沙	sabl	content	28	1	✓
沙响		沙响	susur	content	3	1	✓
沙哑		沙哑	raŭk	content	4	1	✓
砂		砂	smirg	pejvo	8	1	✓
坐		坐	sid	content	52	1	✓
坐标		坐标	koordinat	pejvo	8	1	✓
挫伤		挫伤	kontuz	pejvo	5	1	✓
催		催	kataliz	pejvo	5	1	✓
催情		催情	afrodizi	pejvo	5	1	✓
催眠		催眠	hipnot	pejvo	7	1	✓
再见		再见	adiaŭ	func	5	1	✓
塞		塞	kork	content	7	1	✓
栽		栽	kultiv	pejvo	54	1	✓
采		采	ekspluat	content	13	1	✓
祭		祭	mes	pejvo	11	1	✓
昨		昨	hieraŭ	func	6	1	✓
刷		刷	bros	content	10	1	✓
擦		擦	frot	content	33	1	✓
皿		皿	plad	content	7	1	✓
三		三	tri	num	128	1	✓
三月		三月	mart	cal	3	1	✓
山		山	mont	content	67	1	✓
山毛榉		山毛榉	fag	content	18	1	✓
惨		惨	mizer	content	8	1	✓
撒		撒	ŝut	content	30	1	✓
散热		散热	radiator	content	1	1	✓
珊瑚		珊瑚	koral	pejvo	11	1	✓
酸		酸	acid	content	63	1	✓
残疾		残疾	invalid	content	4	1	✓
史		史	histori	content	32	1	✓
四		四	kvar	num	75	1	✓
四月		四月	april	cal	3	1	✓
士		士	kavalir	pejvo	12	1	✓
子叶		子叶	kotiledon	pejvo	11	1	✓
施		施	almoz	content	13	1	✓
止		止	ĉes	content	10	1	✓
私		私	privat	content	17	1	✓
紫		紫	purpur	content	6	1	✓
侍		侍	kelner	content	3	1	✓
持		持	ten	content	92	1	✓
次		次	foj	content	39	1	✓
耳		耳	orel	content	33	1	✓
自		自	mem	func	104	1	✓
自治		自治	au^tonom	pejvo	7	1	✓
自然		自然	natural	pejvo	5	1	✓
自由		自由	liber	content	93	1	✓
自发		自发	spontane	pejvo	7	1	✓
鹿		鹿	cerv	content	18	1	✓
七		七	sep	num	22	1	✓
七月		七月	juli	cal	4	1	✓
失		失	perd	content	21	1	✓
湿		湿	humid	content	3	1	✓
漆		漆	lak	content	8	1	✓
柴		柴	alumet	content	3	1	✓
柴油		柴油	dizel	pejvo	6	1	✓
蕊		蕊	stamen	content	2	1	✓
者		者	ul	suf	926	1	✓
蛇		蛇	serpent	content	20	1	✓
借		借	prunt	content	20	1	✓
借口		借口	pretekst	content	3	1	✓
勺		勺	kuler	content	9	1	✓
灼		灼	kau^ter	pejvo	11	1	✓
爵		爵	baron	pejvo	6	1	✓
若		若	se	func	5	1	✓
惹		惹	incit	content	9	1	✓
主教		主教	episkop	pejvo	11	1	✓
主义		主义	ism	suf	683	1	✓
守		守	gard	content	49	1	✓
手		手	man	content	82	1	✓
手淫		手淫	masturb	pejvo	8	1	✓
手雷		手雷	grenad	pejvo	6	1	✓
珠		珠	perl	content	20	1	✓
珠蛋白		珠蛋白	globin	pejvo	6	1	✓
趣		趣	interes	content	22	1	✓
酒石		酒石	tartr	pejvo	6	1	✓
首		首	ĉef	pref	93	1	✓
需		需	bezon	content	12	1	✓
周		周	semajn	content	25	1	✓
宗		宗	religi	content	27	1	✓
修		修	ripar	content	9	1	✓
修院		修院	klostr	pejvo	5	1	✓
修会		修会	orden	pejvo	6	1	✓
秋		秋	aŭtun	content	12	1	✓
臭		臭	haladz	pejvo	6	1	✓
臭虫		臭虫	cim	pejvo	7	1	✓
臭氧		臭氧	ozon	pejvo	13	1	✓
舟		舟	boat	content	26	1	✓
住		住	loĝ	content	42	1	✓
十一月		十一月	novembr	cal	1	1	✓
十月		十月	oktobr	cal	1	1	✓
十二月		十二月	decembr	cal	2	1	✓
十亿		十亿	miliard	num	2	1	✓
汁		汁	suk	content	26	1	✓
叔		叔	onkl	content	6	1	✓
宿		宿	pension	content	3	1	✓
出血		出血	hemoragi	pejvo	7	1	✓
春		春	printemp	content	11	1	✓
殉		殉	martir	pejvo	6	1	✓
盾		盾	s^ild	pejvo	13	1	✓
醇		醇	alkohol	content	22	1	✓
所		所	ej	suf	743	1	✓
庶		庶	bastard	pejvo	5	1	✓
助		助	help	content	53	1	✓
助祭		助祭	diakon	pejvo	5	1	✓
女高音		女高音	sopran	pejvo	5	1	✓
序		序	ord	content	47	1	✓
恕		恕	pardon	content	11	1	✓
小号		小号	trumpet	content	6	1	✓
小跑		小跑	trot	pejvo	6	1	✓
庄严		庄严	majest	content	5	1	✓
床		床	lit	content	68	1	✓
承		承	lagr	pejvo	11	1	✓
晶		晶	kristal	content	28	1	✓
松		松	pin	content	8	1	✓
松鼠		松鼠	sciur	content	3	1	✓
樟		樟	kamfor	pejvo	5	1	✓
沼		沼	marĉ	content	17	1	✓
消		消	digest	content	18	1	✓
消毒		消毒	desinfekt	pejvo	6	1	✓
焦点		焦点	fokus	pejvo	12	1	✓
焦油		焦油	gudr	content	6	1	✓
礁		礁	rif	pejvo	6	1	✓
章		章	ĉapitr	content	1	1	✓
肖		肖	portret	content	4	1	✓
蕉		蕉	banan	content	4	1	✓
象		象	elefant	content	5	1	✓
象牙		象牙	ebur	pejvo	7	1	✓
上院		上院	senat	content	4	1	✓
上校		上校	kolonel	content	2	1	✓
上诉		上诉	apelaci	pejvo	6	1	✓
城		城	kastel	content	9	1	✓
常		常	oft	content	12	1	✓
条约		条约	traktat	content	8	1	✓
嘱		嘱	testament	content	7	1	✓
拭		拭	viŝ	content	16	1	✓
殖		殖	koloni	content	18	1	✓
触		触	tuŝ	content	40	1	✓
食管		食管	ezofag	pejvo	5	1	✓
伸		伸	etend	content	14	1	✓
信管		信管	fuz	pejvo	5	1	✓
信使		信使	kurier	pejvo	11	1	✓
唇		唇	lip	content	22	1	✓
慎		慎	prudent	content	12	1	✓
榛鸡		榛鸡	tetra	pejvo	7	1	✓
深		深	profund	content	25	1	✓
真		真	ver	content	34	1	✓
神道		神道	s^into	pejvo	8	1	✓
神经		神经	neŭr	sci	20	1	✓
神话		神话	mit	pejvo	9	1	✓
臣		臣	ministr	content	33	1	✓
仁		仁	human	content	7	1	✓
刃		刃	kling	content	4	1	✓
尽		尽	klopod	content	7	1	✓
吹		吹	blov	content	31	1	✓
水合		水合	hidrat	pejvo	10	1	✓
水仙		水仙	narcis	pejvo	4	1	✓
水母		水母	meduz	pejvo	5	1	✓
衰		衰	atenu	pejvo	6	1	✓
崇		崇	sublim	pejvo	11	1	✓
数学		数学	matematik	content	5	1	✓
枢机		枢机	kardinal	pejvo	8	1	✓
杉		杉	abi	content	5	1	✓
裾		裾	bask	content	1	1	✓
是		是	est	content	51	1	✓
制		制	reĝim	content	14	1	✓
征		征	indic	content	18	1	✓
征募		征募	rekrut	pejvo	8	1	✓
政		政	politik	content	50	1	✓
星系		星系	galaksi	pejvo	17	1	✓
正面		正面	fasad	content	2	1	✓
正统		正统	ortodoks	pejvo	8	1	✓
精液		精液	sperm	pejvo	11	1	✓
精细		精细	subtil	content	9	1	✓
西		西	okcident	content	23	1	✓
誓		誓	ĵur	content	19	1	✓
青春		青春	adolesk	pejvo	5	1	✓
席		席	mat	content	11	1	✓
惜		惜	domaĝ	content	5	1	✓
析		析	analiz	content	13	1	✓
石膏		石膏	gips	pejvo	15	1	✓
石蜡		石蜡	parafin	pejvo	5	1	✓
赤		赤	ekvator	content	2	1	✓
拙		拙	fuŝ	content	18	1	✓
雪		雪	neĝ	content	51	1	✓
雪橇		雪橇	sled	content	2	1	✓
舌		舌	lang	content	24	1	✓
蝉		蝉	cikad	content	5	1	✓
仙人掌		仙人掌	kakt	content	4	1	✓
先知		先知	profet	content	6	1	✓
尖		尖	pint	content	44	1	✓
泉		泉	font	content	39	1	✓
染色体		染色体	kromosom	pejvo	5	1	✓
腺		腺	gland	pejvo	12	1	✓
船		船	ŝip	content	118	1	✓
船渠		船渠	dok	pejvo	6	1	✓
践		践	praktik	content	17	1	✓
善		善	afabl	content	14	1	✓
然		然	natur	content	66	1	✓
全a		全a	ĉia	correl	7	1	✓
全e		全e	ĉie	correl	5	1	✓
全o		全o	ĉio	correl	14	1	✓
全u		全u	ĉiu	correl	44	1	✓
全因		全因	ĉial	correl	1	1	✓
全之		全之	ĉies	correl	4	1	✓
全量		全量	ĉiom	correl	3	1	✓
全时		全时	ĉiam	correl	11	1	✓
全样		全样	ĉiel	correl	26	1	✓
疏散		疏散	evaku	pejvo	5	1	✓
奏		奏	koncert	content	10	1	✓
早		早	fru	content	48	1	✓
争		争	disput	content	8	1	✓
草原		草原	step	pejvo	5	1	✓
葬		葬	sepult	pejvo	5	1	✓
藻		藻	alg	content	14	1	✓
即		即	tuj	func	15	1	✓
即兴		即兴	improviz	pejvo	6	1	✓
息		息	spir	content	39	1	✓
足底		足底	pland	content	7	1	✓
袖		袖	manik	content	10	1	✓
村		村	vilaĝ	content	6	1	✓
他		他	li	func	7	1	✓
他们		他们	ili	func	4	1	✓
多尿		多尿	diurez	pejvo	9	1	✓
太		太	tro	func	57	1	✓
唾		唾	saliv	pejvo	7	1	✓
堕		堕	abort	pejvo	12	1	✓
舵		舵	rudr	pejvo	7	1	✓
堆		堆	amas	content	44	1	✓
苔		苔	musk	content	5	1	✓
逮		逮	arest	content	10	1	✓
代数		代数	algebr	pejvo	6	1	✓
代谢		代谢	metabol	pejvo	5	1	✓
台球		台球	bilard	pejvo	7	1	✓
大豆		大豆	soj	pejvo	10	1	✓
大理石		大理石	marmor	pejvo	9	1	✓
拓		拓	pionir	content	7	1	✓
茸		茸	lanug	pejvo	7	1	✓
但		但	sed	func	3	1	✓
棚库		棚库	hangar	content	1	1	✓
担子		担子	bazidi	pejvo	9	1	✓
淡		淡	fad	pejvo	7	1	✓
炭		炭	karb	content	49	1	✓
短裤		短裤	kulot	pejvo	6	1	✓
蛋白		蛋白	protein	pejvo	10	1	✓
暖		暖	varm	content	136	1	✓
男		男	vir	content	63	1	✓
男高音		男高音	tenor	pejvo	5	1	✓
知		知	sci	content	46	1	✓
地方		地方	endemi	pejvo	6	1	✓
池		池	cistern	pejvo	7	1	✓
置		置	met	content	75	1	✓
畜		畜	brut	content	17	1	✓
竹		竹	bambu	content	9	1	✓
逐		逐	ekzil	pejvo	5	1	✓
窒		窒	sufok	content	9	1	✓
茶		茶	te	content	41	1	✓
中音		中音	ald	pejvo	8	1	✓
抽		抽	abstrakt	content	13	1	✓
柱头		柱头	kapitel	pejvo	4	1	✓
丁香		丁香	kariofil	pejvo	6	1	✓
兆		兆	bilion	num	1	1	✓
挑		挑	provok	content	7	1	✓
挑战		挑战	defi	pejvo	5	1	✓
潮		潮	tajd	content	13	1	✓
蝶		蝶	papili	content	17	1	✓
跳		跳	salt	content	47	1	✓
直肠		直肠	rektum	pejvo	5	1	✓
直觉		直觉	intuici	pejvo	5	1	✓
椎		椎	vertebr	pejvo	7	1	✓
通量		通量	fluks	pejvo	7	1	✓
低		低	bas	pejvo	7	1	✓
停		停	halt	content	31	1	✓
呈		呈	prezent	content	27	1	✓
帝		帝	imperi	content	14	1	✓
抵		抵	hipotek	pejvo	8	1	✓
提督		提督	admiral	pejvo	7	1	✓
梯		梯	lift	content	5	1	✓
艇		艇	jakt	content	2	1	✓
蹄		蹄	huf	content	11	1	✓
泥灰		泥灰	marn	pejvo	6	1	✓
滴		滴	gut	content	30	1	✓
溺		溺	dron	content	7	1	✓
哲		哲	filozofi	content	4	1	✓
填		填	rembur	pejvo	10	1	✓
天使		天使	anĝel	content	9	1	✓
店		店	butik	content	25	1	✓
田		田	kamp	content	66	1	✓
屠		屠	buĉ	content	13	1	✓
徒		徒	van	content	12	1	✓
斗		斗	pip	content	6	1	✓
渡		渡	pram	pejvo	6	1	✓
努		努	pen	content	15	1	✓
土著		土著	indig^en	pejvo	6	1	✓
奴		奴	sklav	content	19	1	✓
怒		怒	koler	content	18	1	✓
倒		倒	kusp	pejvo	5	1	✓
党		党	parti	content	49	1	✓
冬		冬	vintr	content	25	1	✓
刀		刀	sabr	pejvo	5	1	✓
塔		塔	tur	content	30	1	✓
套鞋		套鞋	galoŝ	content	1	1	✓
投资		投资	invest	pejvo	10	1	✓
桃		桃	persik	content	5	1	✓
灯		灯	lamp	content	34	1	✓
灯笼		灯笼	lantern	content	10	1	✓
答		答	respond	content	28	1	✓
糖尿		糖尿	diabet	pejvo	6	1	✓
到		到	ating	content	11	1	✓
踏		踏	tret	pejvo	7	1	✓
踏板		踏板	pedal	pejvo	11	1	✓
透		透	diafan	pejvo	7	1	✓
陶		陶	ceramik	content	8	1	✓
堂		堂	kuz	content	4	1	✓
瞳		瞳	pupil	content	1	1	✓
特权		特权	privilegi	pejvo	6	1	✓
督		督	prefekt	pejvo	7	1	✓
独裁		独裁	diktator	pejvo	7	1	✓
突变		突变	mutaci	pejvo	8	1	✓
那a		那a	tia	correl	6	1	✓
那e		那e	tie	correl	11	1	✓
那o		那o	tio	correl	19	1	✓
那u		那u	tiu	correl	14	1	✓
那因		那因	tial	correl	5	1	✓
那之		那之	ties	correl	2	1	✓
那量		那量	tiom	correl	5	1	✓
那时		那时	tiam	correl	4	1	✓
那样		那样	tiel	correl	6	1	✓
内分泌		内分泌	endokrin	pejvo	5	1	✓
内稃		内稃	pale	pejvo	9	1	✓
二		二	du	num	319	1	✓
二月		二月	februar	cal	1	1	✓
肉豆蔻		肉豆蔻	muskat	pejvo	6	1	✓
虹吸		虹吸	sifon	pejvo	6	1	✓
虹膜		虹膜	iris	pejvo	7	1	✓
如		如	kvazaŭ	func	22	1	✓
尿素		尿素	ure	pejvo	7	1	✓
任		任	ajn	func	0	1	✓
葱		葱	cep	content	4	1	✓
猫		猫	kat	content	27	1	✓
猫头鹰		猫头鹰	strig	content	6	1	✓
年		年	jar	content	117	1	✓
燃		燃	brul	content	73	1	✓
粘土		粘土	argil	pejvo	14	1	✓
蚤		蚤	pul	pejvo	9	1	✓
播		播	propag	pejvo	8	1	✓
波		波	ond	content	95	1	✓
破产		破产	bankrot	pejvo	7	1	✓
牌		牌	medal	pejvo	7	1	✓
背		背	dors	content	33	1	✓
背带		背带	s^elk	pejvo	6	1	✓
培		培	eduk	content	35	1	✓
媒		媒	svat	content	7	1	✓
梅毒		梅毒	sifilis	pejvo	6	1	✓
煤		煤	fulg	content	9	1	✓
陪		陪	akompan	content	9	1	✓
博		博	doktor	content	11	1	✓
白		白	blank	content	68	1	✓
箔		箔	lamen	content	14	1	✓
舶		舶	bark	content	3	1	✓
薄荷		薄荷	ment	pejvo	8	1	✓
迫		迫	persekut	content	8	1	✓
漠		漠	dezert	content	21	1	✓
爆		爆	eksplod	content	16	1	✓
麦芽		麦芽	malt	pejvo	16	1	✓
麦角		麦角	ergot	pejvo	7	1	✓
函		函	cirkuler	content	2	1	✓
八		八	ok	num	24	1	✓
八月		八月	aŭgust	cal	2	1	✓
筏		筏	flos	content	24	1	✓
隼		隼	falk	pejvo	14	1	✓
半		半	hemi	pejvo	13	1	✓
反应		反应	reakci	content	21	1	✓
反应堆		反应堆	reaktor	pejvo	7	1	✓
帆		帆	vel	content	24	1	✓
蛮		蛮	barbar	pejvo	6	1	✓
否		否	negativ	content	21	1	✓
庇		庇	ŝirm	content	35	1	✓
悲剧		悲剧	tragik	content	3	1	✓
披		披	mantel	content	13	1	✓
泌		泌	sekreci	pejvo	6	1	✓
疲		疲	lac	content	16	1	✓
皮重		皮重	tar	pejvo	6	1	✓
碑		碑	monument	content	4	1	✓
肥		肥	fekund	content	11	1	✓
尾		尾	vost	content	37	1	✓
眉		眉	brov	content	5	1	✓
美		美	bel	content	61	1	✓
膝		膝	genu	content	18	1	✓
菱		菱	romb	pejvo	8	1	✓
肘		肘	kubut	content	4	1	✓
媛		媛	dam	pejvo	9	1	✓
漂		漂	driv	pejvo	8	1	✓
描		描	pentr	content	23	1	✓
秒		秒	sekund	content	9	1	✓
苗		苗	vakcin	content	15	1	✓
蒜		蒜	ajl	content	11	1	✓
品		品	frand	content	7	1	✓
敏		敏	sagac	content	5	1	✓
不		不	ne	func	498	1	✓
不育		不育	steril	pejvo	7	1	✓
不顾		不顾	malgraŭ	prep	6	1	✓
付		付	pag	content	69	1	✓
夫		夫	edz	content	74	1	✓
怖		怖	teror	pejvo	12	1	✓
扶椅		扶椅	fotel	content	2	1	✓
敷		敷	foment	pejvo	5	1	✓
浮		浮	bu	pejvo	5	1	✓
父		父	patr	content	61	1	✓
武		武	arm	content	39	1	✓
葡		葡	vit	content	5	1	✓
伏		伏	embusk	pejvo	7	1	✓
福音		福音	evangeli	pejvo	8	1	✓
腹		腹	ventr	content	20	1	✓
覆		覆	teg	content	14	1	✓
沸		沸	bol	content	22	1	✓
吻		吻	kis	content	11	1	✓
焚		焚	incendi	pejvo	7	1	✓
兵		兵	soldat	content	24	1	✓
壁		壁	mur	content	39	1	✓
壁纸		壁纸	tapet	content	7	1	✓
偏		偏	devi	pejvo	9	1	✓
片岩		片岩	skist	pejvo	6	1	✓
便		便	oportun	content	12	1	✓
圃		圃	bed	pejvo	6	1	✓
捕		捕	kapt	content	42	1	✓
募		募	varb	content	7	1	✓
墓		墓	tomb	content	17	1	✓
墓窖		墓窖	kript	pejvo	6	1	✓
慕		慕	sopir	content	9	1	✓
峰		峰	alp	pejvo	12	1	✓
放		放	emancip	pejvo	6	1	✓
放肆		放肆	impertinent	pejvo	6	1	✓
方程		方程	ekvaci	pejvo	11	1	✓
蓬		蓬	hirt	pejvo	8	1	✓
亡		亡	pere	content	10	1	✓
忘		忘	forges	content	13	1	✓
望		望	esper	content	28	1	✓
某a		某a	ia	correl	4	1	✓
某e		某e	ie	correl	2	1	✓
某o		某o	io	correl	2	1	✓
某u		某u	iu	correl	6	1	✓
某因		某因	ial	correl	1	1	✓
某之		某之	ies	correl	1	1	✓
某量		某量	iom	correl	12	1	✓
某时		某时	iam	correl	5	1	✓
某样		某样	iel	correl	4	1	✓
棒		棒	baston	content	32	1	✓
冒		冒	aventur	content	9	1	✓
吠		吠	boj	content	5	1	✓
北		北	nord	content	29	1	✓
朴		朴	naiv	content	7	1	✓
勃		勃	erekt	pejvo	5	1	✓
本		本	instinkt	content	10	1	✓
翻		翻	renvers	content	8	1	✓
摩		摩	masaĝ	content	3	1	✓
麻		麻	narkot	pejvo	7	1	✓
膜		膜	membran	pejvo	13	1	✓
末		末	last	content	25	1	✓
沫		沫	ŝaŭm	content	22	1	✓
慢		慢	kronik	pejvo	8	1	✓
味		味	gust	content	39	1	✓
未		未	futur	pejvo	5	1	✓
蜜		蜜	miel	content	9	1	✓
民俗		民俗	folklor	pejvo	5	1	✓
矛		矛	lanc	content	8	1	✓
命		命	sort	content	10	1	✓
明		明	morgaŭ	func	6	1	✓
明胶		明胶	gelaten	content	4	1	✓
迷		迷	superstiĉ	content	2	1	✓
免		免	imun	content	30	1	✓
摸		摸	palp	content	11	1	✓
茂		茂	veget	content	18	1	✓
毛虫		毛虫	raŭp	content	7	1	✓
毛细		毛细	kapilar	pejvo	5	1	✓
猛		猛	drast	pejvo	6	1	✓
盲		盲	blind	content	18	1	✓
耗		耗	konsum	content	26	1	✓
目皮		目皮	palpebr	content	7	1	✓
也		也	ankaŭ	func	1	1	✓
也不		也不	nek	func	1	1	✓
冶金		冶金	metalurgi	content	1	1	✓
夜		夜	nokt	content	61	1	✓
夜莺		夜莺	najtingal	content	1	1	✓
野		野	sovaĝ	content	25	1	✓
矢		矢	sag	content	17	1	✓
矢量		矢量	vektor	pejvo	6	1	✓
厄		厄	fatal	content	7	1	✓
柳		柳	salik	content	6	1	✓
愈		愈	des	content	4	1	✓
唯		唯	sol	content	29	1	✓
友		友	amik	content	40	1	✓
幽		幽	fantom	content	7	1	✓
有机		有机	organik	pejvo	10	1	✓
由		由	motiv	content	11	1	✓
融		融	degel	content	5	1	✓
誉		誉	honor	content	35	1	✓
幼		幼	jun	content	41	1	✓
幼虫		幼虫	larv	content	1	1	✓
妖精		妖精	fe	content	7	1	✓
容		容	mien	content	16	1	✓
庸		庸	banal	content	4	1	✓
洋		洋	ocean	content	14	1	✓
熔		熔	fand	content	35	1	✓
抑		抑	inhib	pejvo	7	1	✓
抑扬		抑扬	jamb	pejvo	9	1	✓
浴		浴	ban	content	42	1	✓
裸		裸	nud	content	22	1	✓
来		来	ven	content	79	1	✓
雷		雷	tondr	content	9	1	✓
落		落	fal	content	67	1	✓
乱		乱	konfuz	content	14	1	✓
卵巢		卵巢	ovari	pejvo	6	1	✓
梨		梨	pir	content	22	1	✓
里		里	mejl	content	3	1	✓
率		率	procent	content	7	1	✓
立		立	star	content	52	1	✓
立体		立体	stereo	pejvo	11	1	✓
略		略	strategi	pejvo	5	1	✓
流		流	flu	content	85	1	✓
流感		流感	grip	content	6	1	✓
流体		流体	fluid	content	12	1	✓
留		留	las	content	56	1	✓
隆		隆	tuber	content	13	1	✓
梁		梁	trab	sci	23	1	✓
量子		量子	kvantum	pejvo	14	1	✓
厘		厘	centimetr	content	0	1	✓
累		累	akumul	pejvo	9	1	✓
怜		怜	kompat	content	14	1	✓
零		零	nul	content	19	1	✓
劣		劣	aĉ	suf	59	1	✓
烈		烈	intens	content	28	1	✓
露		露	ros	content	14	1	✓
廊		廊	koridor	content	3	1	✓
漏		漏	lik	pejvo	7	1	✓
漏斗		漏斗	funel	content	5	1	✓
牢		牢	karcer	content	8	1	✓
狼		狼	lup	content	9	1	✓
老		老	veteran	content	2	1	✓
郎		郎	knab	content	16	1	✓
六		六	ses	num	35	1	✓
六月		六月	juni	cal	3	1	✓
肋		肋	rip	content	8	1	✓
和合		和合	konkord	content	6	1	✓
蕨		蕨	filik	pejvo	9	1	✓
湾		湾	golf	content	23	1	✓
碗		碗	bovl	content	4	1	✓
个		个	individu	content	11	1	✓
舒		舒	komfort	content	12	1	✓
于		于	pri	prep	160	1	✓
从		从	de	prep	417	1	✓
佛		佛	budh	content	13	1	✓
佝偻		佝偻	rakit	pejvo	5	1	✓
佩		佩	admir	content	11	1	✓
假肢		假肢	protez	pejvo	7	1	✓
假正		假正	prud	pejvo	6	1	✓
做		做	far	content	104	1	✓
儿		儿	fil	content	44	1	✓
决斗		决斗	duel	pejvo	6	1	✓
冰		冰	glaci	content	42	1	✓
几		几	preskaŭ	func	3	1	✓
刮		刮	skrap	content	28	1	✓
刹		刹	brems	content	21	1	✓
剪		剪	tond	content	20	1	✓
劈		劈	fend	content	36	1	✓
辨		辨	disting	content	16	1	✓
匆		匆	hast	pejvo	6	1	✓
匕		匕	ponard	pejvo	6	1	✓
吼		吼	muĝ	content	3	1	✓
吝		吝	avar	content	11	1	✓
咏		咏	psalm	pejvo	6	1	✓
呻		呻	ĝem	content	17	1	✓
咬		咬	mord	content	18	1	✓
哭		哭	plor	content	18	1	✓
嗅		嗅	flar	content	16	1	✓
嘴		嘴	bek	content	21	1	✓
嘲		嘲	mok	content	18	1	✓
噪		噪	bru	content	27	1	✓
嚼		嚼	maĉ	content	12	1	✓
圈		圈	boben	pejvo	15	1	✓
坎		坎	veŝt	content	4	1	✓
址		址	adres	content	16	1	✓
坏疽		坏疽	gangren	pejvo	5	1	✓
梦		梦	sonĝ	content	15	1	✓
夸		夸	fanfaron	content	6	1	✓
奢		奢	luks	content	10	1	✓
奸		奸	adult	pejvo	8	1	✓
媚		媚	koket	content	6	1	✓
孵		孵	kov	pejvo	9	1	✓
它		它	ĝi	func	4	1	✓
尸		尸	kadavr	pejvo	15	1	✓
屏		屏	ekran	content	16	1	✓
已		已	jam	func	5	1	✓
弃		弃	rezign	content	4	1	✓
弯		弯	fleks	content	27	1	✓
很		很	tre	func	4	1	✓
怕		怕	tim	content	44	1	✓
悄		悄	flustr	content	4	1	✓
悖		悖	paradoks	content	3	1	✓
惠		惠	komplez	content	6	1	✓
扁		扁	plat	content	69	1	✓
扁桃		扁桃	migdal	pejvo	10	1	✓
找		找	trov	content	22	1	✓
抒		抒	lirik	pejvo	6	1	✓
抓		抓	grat	content	12	1	✓
拿		拿	pren	content	57	1	✓
拉		拉	tir	content	75	1	✓
拱		拱	volb	pejvo	9	1	✓
挂		挂	pend	content	43	1	✓
挂饰		挂饰	mobil	pejvo	14	1	✓
搏		搏	lukt	content	7	1	✓
收割		收割	falĉ	content	12	1	✓
敲		敲	frap	content	45	1	✓
旁		旁	apud	prep	13	1	✓
无a		无a	nenia	correl	1	1	✓
无e		无e	nenie	correl	2	1	✓
无o		无o	nenio	correl	2	1	✓
无u		无u	neniu	correl	2	1	✓
无因		无因	nenial	correl	1	1	✓
无花果		无花果	fig	content	6	1	✓
无政府		无政府	anarki	pejvo	5	1	✓
无之		无之	nenies	correl	2	1	✓
无量		无量	neniom	correl	2	1	✓
无时		无时	neniam	correl	1	1	✓
无样		无样	neniel	correl	1	1	✓
旱桥		旱桥	viadukt	content	1	1	✓
晨		晨	maten	content	23	1	✓
杆		杆	stang	content	43	1	✓
梳		梳	komb	content	18	1	✓
梭		梭	naved	pejvo	6	1	✓
棍		棍	klab	pejvo	6	1	✓
椒		椒	pipr	content	12	1	✓
橙		橙	oranĝ	content	14	1	✓
歇		歇	paŭz	content	9	1	✓
殷勤		殷勤	galant	pejvo	7	1	✓
毫		毫	milimetr	content	0	1	✓
毯		毯	tapiŝ	content	11	1	✓
气管		气管	trake	pejvo	6	1	✓
汞		汞	hidrarg	pejvo	6	1	✓
沐		沐	ŝampu	content	2	1	✓
沮丧		沮丧	deprim	pejvo	5	1	✓
泛		泛	kosmopolit	pejvo	6	1	✓
泪		泪	larm	content	18	1	✓
衍射		衍射	difrakt	pejvo	6	1	✓
淹		淹	inund	content	3	1	✓
湍		湍	turbul	pejvo	6	1	✓
灌		灌	klister	pejvo	5	1	✓
灌木		灌木	arbust	pejvo	18	1	✓
炬		炬	torc^	pejvo	7	1	✓
炮		炮	kanon	sci	22	1	✓
犹		犹	hezit	content	7	1	✓
狡		狡	ruz	content	10	1	✓
默		默	silent	content	25	1	✓
玻		玻	vitr	content	53	1	✓
瓷		瓷	porcelan	content	4	1	✓
瓷砖		瓷砖	kahel	content	6	1	✓
疣		疣	veruk	content	4	1	✓
瘤		瘤	tumor	pejvo	7	1	✓
盖		盖	kovr	content	51	1	✓
睾丸		睾丸	testik	pejvo	6	1	✓
矮		矮	nan	pejvo	7	1	✓
砌		砌	mason	content	8	1	✓
碎		碎	frakas	content	7	1	✓
磅		磅	funt	content	3	1	✓
禧		禧	jubile	content	6	1	✓
穗		穗	spik	content	7	1	✓
窘		窘	embaras	content	11	1	✓
窖		窖	kel	content	12	1	✓
站		站	staci	content	29	1	✓
粮		粮	proviant	pejvo	6	1	✓
絮		絮	flok	pejvo	10	1	✓
缺		缺	mank	content	29	1	✓
网膜		网膜	retin	pejvo	6	1	✓
羞		羞	pudor	pejvo	6	1	✓
翔		翔	ŝveb	content	10	1	✓
耘		耘	sark	content	4	1	✓
耻		耻	hont	content	17	1	✓
耻骨		耻骨	pub	pejvo	7	1	✓
聊		聊	babil	content	15	1	✓
肛		肛	anus	pejvo	6	1	✓
肚		肚	trip	pejvo	6	1	✓
胯		胯	koks	content	8	1	✓
腋		腋	aksel	pejvo	5	1	✓
腱		腱	tenden	pejvo	5	1	✓
臀		臀	pug	pejvo	8	1	✓
臂		臂	brak	content	29	1	✓
范		范	norm	content	32	1	✓
苹		苹	pom	content	33	1	✓
茴		茴	aniz	pejvo	6	1	✓
荐		荐	rekomend	content	9	1	✓
菠菜		菠菜	spinac	content	2	1	✓
萼		萼	sepal	pejvo	5	1	✓
蔗		蔗	sakar	pejvo	7	1	✓
藏		藏	kaŝ	content	50	1	✓
虱		虱	lau^s	pejvo	7	1	✓
蛞蝓		蛞蝓	limak	content	4	1	✓
蛛		蛛	arane	content	10	1	✓
蜥蜴		蜥蜴	lacert	content	4	1	✓
蝎		蝎	skorpi	content	7	1	✓
蝗		蝗	akrid	content	3	1	✓
蟋		蟋	gril	pejvo	7	1	✓
裙		裙	jup	content	7	1	✓
裹		裹	vind	content	13	1	✓
豌		豌	piz	content	12	1	✓
跛		跛	lam	content	10	1	✓
跟		跟	kalkan	content	6	1	✓
踝		踝	maleol	content	1	1	✓
蹲		蹲	kaŭr	content	3	1	✓
躁		躁	nervoz	content	5	1	✓
辣		辣	kapsik	pejvo	6	1	✓
迹		迹	spur	content	12	1	✓
邀		邀	invit	content	14	1	✓
醋栗		醋栗	rib	content	11	1	✓
釉		釉	emajl	content	6	1	✓
釉陶		釉陶	fajenc	content	3	1	✓
陷		陷	insid	content	10	1	✓
隧		隧	tunel	content	10	1	✓
霍乱		霍乱	h^oler	pejvo	5	1	✓
雹		雹	hajl	content	7	1	✓
勒		勒	brid	content	13	1	✓
鞣		鞣	tan	pejvo	7	1	✓
韵		韵	rim	content	15	1	✓
麝		麝	mosk	pejvo	6	1	✓
鼬		鼬	mustel	pejvo	6	1	✓
鼾		鼾	ronk	content	3	1	✓
炫		炫	parad	pejvo	8	1	✓
皂		皂	sap	content	22	1	✓
羡		羡	envi	content	10	1	✓
黑麦		黑麦	sekal	content	4	1	✓
专		专	fak	content	31	1	✓
专员		专员	komisar	content	5	1	✓
业		业	industri	content	37	1	✓
丛		丛	tuf	content	13	1	✓
东		东	orient	content	43	1	✓
两		两	ambaŭ	func	13	1	✓
两性		两性	hermafrodit	pejvo	5	1	✓
丧		丧	funebr	content	14	1	✓
丰		丰	abund	content	17	1	✓
临界		临界	krit	pejvo	6	1	✓
义		义	justic	pejvo	9	1	✓
乌		乌	ebon	pejvo	8	1	✓
乌银		乌银	niel	pejvo	6	1	✓
习		习	kutim	content	25	1	✓
买		买	aĉet	content	26	1	✓
亏		亏	deficit	content	4	1	✓
亚		亚	hipo	pref	28	1	✓
亚麻		亚麻	lin	content	6	1	✓
仅		仅	nur	func	4	1	✓
仓		仓	magazen	content	5	1	✓
仓鼠		仓鼠	hamstr	pejvo	5	1	✓
仪		仪	rit	pejvo	5	1	✓
仿		仿	imit	content	16	1	✓
众		众	popular	content	11	1	✓
优		优	avantaĝ	content	6	1	✓
伤		伤	vund	content	43	1	✓
伦		伦	etik	content	4	1	✓
伪善		伪善	hipokrit	pejvo	6	1	✓
你		你	vi	func	13	1	✓
侄		侄	nev	content	6	1	✓
侦		侦	skolt	pejvo	7	1	✓
侧		侧	flank	content	83	1	✓
俏		俏	dand	content	8	1	✓
偷		偷	ŝtel	content	33	1	✓
偿		偿	amortiz	pejvo	6	1	✓
兑		兑	spez	content	28	1	✓
军官		军官	oficir	content	7	1	✓
军团		军团	korpus	pejvo	7	1	✓
冻		冻	krio	pejvo	5	1	✓
凯		凯	triumf	pejvo	9	1	✓
凳		凳	benk	content	10	1	✓
击		击	traf	content	23	1	✓
击剑		击剑	skerm	pejvo	7	1	✓
则		则	princip	content	8	1	✓
刚		刚	ĵus	func	2	1	✓
刨		刨	rabot	pejvo	8	1	✓
别		别	ali	content	62	1	✓
劝		劝	admon	content	6	1	✓
办公		办公	kancelari	pejvo	6	1	✓
劳		劳	labor	content	175	1	✓
势		势	potencial	pejvo	12	1	✓
单位		单位	unit	pejvo	8	1	✓
卖		卖	vend	content	59	1	✓
历		历	kalendar	content	9	1	✓
压力		压力	stres	pejvo	5	1	✓
厢		厢	vagon	content	28	1	✓
发		发	lanĉ	content	9	1	✓
发动		发动	start	content	10	1	✓
变形虫		变形虫	ameb	pejvo	8	1	✓
变焦		变焦	zom	pejvo	5	1	✓
吗		吗	ĉu	func	3	1	✓
吞		吞	glut	content	11	1	✓
启		启	inspir	content	6	1	✓
吵		吵	kverel	content	3	1	✓
呕		呕	naŭz	content	4	1	✓
呢		呢	drap	content	4	1	✓
咕		咕	murmur	content	6	1	✓
哑		哑	mut	content	10	1	✓
哑铃		哑铃	halter	pejvo	5	1	✓
啪		啪	krak	pejvo	18	1	✓
喂		喂	he	func	2	1	✓
喵		喵	miaŭ	content	3	1	✓
喷泉		喷泉	fontan	content	2	1	✓
喷嚏		喷嚏	tern	content	6	1	✓
嗡		嗡	zum	content	9	1	✓
圆柱		圆柱	cilindr	pejvo	13	1	✓
圆木		圆木	ŝtip	content	9	1	✓
圣		圣	sankt	content	44	1	✓
圣像		圣像	ikon	pejvo	10	1	✓
坛		坛	forum	content	2	1	✓
垄		垄	monopol	content	11	1	✓
垄断		垄断	trust	pejvo	5	1	✓
垩		垩	kret	content	6	1	✓
堇		堇	viol	content	14	1	✓
复数		复数	plural	content	2	1	✓
够		够	sufiĉ	content	13	1	✓
奖		奖	premi	content	11	1	✓
她		她	ŝi	func	5	1	✓
妒		妒	ĵaluz	content	4	1	✓
娱		娱	amuz	content	11	1	✓
婴		婴	beb	content	7	1	✓
孙		孙	nep	content	4	1	✓
孢		孢	spor	pejvo	23	1	✓
孪		孪	ĝemel	content	16	1	✓
实验		实验	laboratori	content	4	1	✓
宠		宠	dorlot	content	8	1	✓
审级		审级	instanc	content	6	1	✓
宪		宪	konstituci	content	13	1	✓
宪兵		宪兵	ĝendarm	content	3	1	✓
宾		宾	akuzativ	content	2	1	✓
对数		对数	logaritm	pejvo	11	1	✓
寻		寻	serĉ	content	22	1	✓
导演		导演	reg^isor	pejvo	5	1	✓
尔		尔	ci	pejvo	5	1	✓
尘		尘	polv	content	30	1	✓
岁		岁	aĝ	content	41	1	✓
岗		岗	posten	content	11	1	✓
岛		岛	insul	content	55	1	✓
巢		巢	nest	content	17	1	✓
币		币	valut	content	9	1	✓
师		师	majstr	content	16	1	✓
帐		帐	tend	content	10	1	✓
帘		帘	kurten	content	14	1	✓
幂		幂	eksponent	pejvo	5	1	✓
庐		庐	kaban	content	8	1	✓
应		应	dev	content	39	1	✓
庙		庙	templ	content	9	1	✓
异端		异端	herez	pejvo	6	1	✓
异议		异议	kontest	content	8	1	✓
张		张	toni	pejvo	8	1	✓
弹簧		弹簧	risort	pejvo	17	1	✓
彻		彻	radikal	pejvo	8	1	✓
怀		怀	sin	content	24	1	✓
恶		恶	malic	content	9	1	✓
恶棍		恶棍	kanajl	pejvo	6	1	✓
悬		悬	suspensi	pejvo	5	1	✓
悬铃木		悬铃木	platan	content	2	1	✓
愤		愤	indign	content	9	1	✓
戏		戏	spektakl	content	5	1	✓
战车		战车	tank	pejvo	9	1	✓
执		执	ekzekut	content	5	1	✓
扩		扩	amplif	pejvo	5	1	✓
扬		扬	ekzalt	pejvo	8	1	✓
扬抑		扬抑	troke	pejvo	7	1	✓
抚		抚	kares	content	12	1	✓
抢		抢	rab	content	28	1	✓
报价		报价	kvot	pejvo	8	1	✓
拥		拥	svarm	pejvo	5	1	✓
拦		拦	dig	pejvo	6	1	✓
拧		拧	tord	content	30	1	✓
拼		拼	ortografi	content	0	1	✓
挣		挣	barakt	content	2	1	✓
挤		挤	melk	content	7	1	✓
挥		挥	sving	content	14	1	✓
捣		捣	pist	pejvo	10	1	✓
掐		掐	pinĉ	content	15	1	✓
搅		搅	agit	content	9	1	✓
摆		摆	pendol	content	10	1	✓
敌		敌	rival	pejvo	5	1	✓
斋		斋	fast	content	7	1	✓
时		时	temp	content	113	1	✓
晓		晓	aŭror	content	4	1	✓
晚		晚	vesper	content	28	1	✓
暂		暂	provizor	content	7	1	✓
术		术	taktik	content	3	1	✓
枣		枣	daktil	content	8	1	✓
枪		枪	pistol	pejvo	6	1	✓
柜		柜	ŝrank	content	20	1	✓
查		查	enket	content	10	1	✓
栅		栅	krad	content	20	1	✓
树		树	arb	content	150	1	✓
样		样	specimen	content	5	1	✓
桅		桅	mast	content	21	1	✓
桌		桌	tabl	content	45	1	✓
桥		桥	pont	content	33	1	✓
桦		桦	betul	content	2	1	✓
棱		棱	eg^	pejvo	10	1	✓
榄		榄	oliv	content	7	1	✓
榅桲		榅桲	cidoni	pejvo	6	1	✓
槛		槛	sojl	content	11	1	✓
樱		樱	ĉeriz	content	13	1	✓
欢		欢	gaj	content	27	1	✓
歧		歧	diskriminaci	content	4	1	✓
歼		歼	eksterm	pejvo	9	1	✓
毁		毁	detru	content	13	1	✓
每		每	po	prep	25	1	✓
毡		毡	felt	content	9	1	✓
氖		氖	neon	pejvo	5	1	✓
氟		氟	fluor	elem	6	1	✓
氧		氧	oksi	sci	19	1	✓
氧化		氧化	oksid	sci	34	1	✓
氮		氮	nitr	sci	19	1	✓
氯		氯	klor	sci	25	1	✓
氰		氰	cian	pejvo	8	1	✓
汤		汤	sup	content	16	1	✓
泵		泵	pump	content	19	1	✓
泻		泻	laks	pejvo	9	1	✓
泽		泽	glace	pejvo	5	1	✓
洁		洁	c^ast	pejvo	17	1	✓
浆		浆	plasm	pejvo	12	1	✓
浇		浇	verŝ	content	24	1	✓
润滑		润滑	lubrik	content	4	1	✓
渎		渎	blasfem	content	5	1	✓
渗		渗	osmoz	pejvo	9	1	✓
渴		渴	soif	content	9	1	✓
溃疡		溃疡	ulcer	pejvo	7	1	✓
溅		溅	plau^d	pejvo	8	1	✓
溴		溴	brom	pejvo	8	1	✓
滤		滤	filtr	content	15	1	✓
滥		滥	eksces	pejvo	6	1	✓
灭		灭	esting	content	14	1	✓
灵		灵	spirit	content	23	1	✓
炖		炖	stuf	pejvo	6	1	✓
烁		烁	scintil	pejvo	7	1	✓
烛		烛	kandel	content	8	1	✓
烦		烦	ted	content	8	1	✓
烧		烧	febr	content	22	1	✓
烫		烫	glad	content	9	1	✓
烯		烯	vinil	pejvo	6	1	✓
焰		焰	flam	content	27	1	✓
爱		爱	am	content	81	1	✓
爷		爷	av	content	10	1	✓
牺		牺	viktim	content	4	1	✓
狮		狮	leon	content	14	1	✓
狱		狱	infer	content	8	1	✓
猎		猎	ĉas	content	44	1	✓
玫		玫	roz	content	35	1	✓
琐		琐	bagatel	content	4	1	✓
瓤		瓤	pulp	pejvo	8	1	✓
电流		电流	kurent	content	26	1	✓
电车		电车	tram	content	11	1	✓
甾醇		甾醇	sterol	pejvo	8	1	✓
疗		疗	terapi	sci	55	1	✓
疟		疟	malari	pejvo	5	1	✓
疤		疤	cikatr	content	4	1	✓
疮痂		疮痂	skab	pejvo	6	1	✓
疯		疯	frenez	content	14	1	✓
痉		痉	konvulsi	pejvo	9	1	✓
痉挛		痉挛	spasm	pejvo	8	1	✓
痨		痨	ftiz	pejvo	4	1	✓
瘦果		瘦果	aken	pejvo	7	1	✓
瘿		瘿	gajl	pejvo	7	1	✓
盐		盐	sal	content	40	1	✓
监		监	gvat	pejvo	7	1	✓
盔		盔	kask	pejvo	12	1	✓
码		码	kod	content	27	1	✓
砍		砍	hak	content	28	1	✓
砑		砑	katiz	pejvo	5	1	✓
砖		砖	brik	content	15	1	✓
砷		砷	arsen	elem	1	1	✓
砾		砾	gruz	pejvo	8	1	✓
硒		硒	selen	pejvo	5	1	✓
碘		碘	jod	elem	9	1	✓
祸		祸	akcident	content	10	1	✓
离		离	for	func	200	1	✓
离子		离子	jon	pejvo	14	1	✓
离心		离心	centrifug	pejvo	8	1	✓
秃		秃	kalv	pejvo	7	1	✓
秃鹫		秃鹫	vultur	content	3	1	✓
种姓		种姓	kast	pejvo	5	1	✓
积分		积分	integral	pejvo	5	1	✓
稳		稳	stabil	content	15	1	✓
窦		窦	sinus	pejvo	9	1	✓
竖		竖	vertikal	content	8	1	✓
竖井		竖井	s^akt	pejvo	6	1	✓
笼		笼	kaĝ	content	5	1	✓
筛		筛	kribr	pejvo	8	1	✓
签		签	lot	content	13	1	✓
篡		篡	uzurp	pejvo	7	1	✓
篮		篮	korb	content	23	1	✓
篱		篱	heĝ	content	1	1	✓
糕		糕	kuk	content	31	1	✓
红		红	ruĝ	content	68	1	✓
纤		纤	fibr	sci	18	1	✓
纪		纪	epok	content	18	1	✓
纬		纬	latitud	content	7	1	✓
纯		纯	pur	content	48	1	✓
纱		纱	vual	content	11	1	✓
纳		纳	kotiz	content	12	1	✓
纸		纸	paper	content	89	1	✓
纺		纺	ŝpin	content	17	1	✓
练		练	ekzerc	content	11	1	✓
细菌		细菌	mikrob	pejvo	10	1	✓
绉		绉	krep	pejvo	6	1	✓
经		经	varp	pejvo	7	1	✓
经度		经度	longitud	content	1	1	✓
绒		绒	velur	content	4	1	✓
结肠		结肠	kojl	pejvo	8	1	✓
绘		绘	desegn	content	26	1	✓
给		给	don	content	112	1	✓
绝		绝	absolut	content	15	1	✓
绣		绣	brod	pejvo	12	1	✓
继		继	hered	content	29	1	✓
绳		绳	ŝnur	content	42	1	✓
维		维	dimensi	content	6	1	✓
绿		绿	verd	content	49	1	✓
缆		缆	kabl	pejvo	19	1	✓
缓冲		缓冲	bufr	pejvo	8	1	✓
缠		缠	implik	content	11	1	✓
罂		罂	papav	pejvo	5	1	✓
罗盘		罗盘	kompas	pejvo	6	1	✓
罚		罚	pun	content	28	1	✓
罢		罢	strik	content	16	1	✓
耍		耍	j^ongl	pejvo	5	1	✓
聋		聋	surd	content	12	1	✓
聪		聪	inteligent	content	8	1	✓
肿		肿	ŝvel	content	20	1	✓
胀		胀	puf	pejvo	15	1	✓
胁		胁	minac	content	5	1	✓
胜		胜	venk	content	32	1	✓
胰		胰	pankreat	pejvo	5	1	✓
胺		胺	amin	pejvo	6	1	✓
脐		脐	umbilik	pejvo	5	1	✓
腌		腌	pekl	content	5	1	✓
腭		腭	palat	content	6	1	✓
舔		舔	lek	content	7	1	✓
舱		舱	kajut	content	8	1	✓
芜菁		芜菁	rap	pejvo	6	1	✓
苇		苇	kan	pejvo	14	1	✓
苍		苍	pal	content	7	1	✓
茧		茧	kal	content	5	1	✓
荞		荞	fagopir	pejvo	6	1	✓
荧		荧	luminesk	pejvo	6	1	✓
荧光		荧光	fluoresk	pejvo	6	1	✓
莲		莲	lotus	content	8	1	✓
蓝		蓝	blu	content	41	1	✓
蓝莓		蓝莓	mirtel	content	2	1	✓
蓟		蓟	kard	pejvo	15	1	✓
虑		虑	konsider	content	13	1	✓
虽		虽	kvankam	func	1	1	✓
虾		虾	kankr	content	4	1	✓
蚁		蚁	formik	content	10	1	✓
蜕		蜕	mud	pejvo	6	1	✓
蜡		蜡	vaks	content	20	1	✓
蝇		蝇	muŝ	content	20	1	✓
袄		袄	palt	content	1	1	✓
袜		袜	ŝtrump	content	17	1	✓
见		见	vid	content	85	1	✓
讲价		讲价	marc^and	pejvo	5	1	✓
讷		讷	balbut	content	5	1	✓
讽		讽	karikatur	content	4	1	✓
讽刺		讽刺	satir	content	4	1	✓
诊		诊	klinik	content	13	1	✓
词汇		词汇	leksik	pejvo	5	1	✓
试		试	prov	content	42	1	✓
询		询	konsult	content	14	1	✓
该		该	la	func	38	1	✓
误		误	mis	pref	79	1	✓
说		说	dir	content	44	1	✓
诵		诵	deklam	pejvo	7	1	✓
诺		诺	promes	content	18	1	✓
读		读	leg	content	46	1	✓
谈		谈	konversaci	content	4	1	✓
谍		谍	spion	pejvo	8	1	✓
谎		谎	mensog	content	9	1	✓
谓		谓	predikat	pejvo	5	1	✓
谚		谚	proverb	content	5	1	✓
谢		谢	dank	content	25	1	✓
谣		谣	klaĉ	content	9	1	✓
谤		谤	kalumni	content	8	1	✓
谬		谬	absurd	content	7	1	✓
谱		谱	spektr	pejvo	15	1	✓
贝		贝	konk	content	16	1	✓
贞		贞	virg	content	10	1	✓
贡		贡	kontribu	content	5	1	✓
财		财	financ	content	26	1	✓
责		责	riproĉ	content	10	1	✓
败		败	fiask	content	2	1	✓
质体		质体	plastid	pejvo	6	1	✓
质询		质询	interpelaci	content	2	1	✓
贩		贩	brokant	content	9	1	✓
贪		贪	avid	content	14	1	✓
贪食		贪食	vor	pejvo	9	1	✓
贯		贯	koher	pejvo	10	1	✓
贷		贷	kredit	content	0	1	✓
贸		贸	negoc	pejvo	7	1	✓
费		费	kost	content	21	1	✓
贺		贺	gratul	content	6	1	✓
贿		贿	korupt	pejvo	11	1	✓
赌		赌	vet	content	17	1	✓
赛场		赛场	stadion	content	1	1	✓
赢		赢	gajn	content	11	1	✓
趋		趋	tendenc	content	3	1	✓
跑		跑	kur	content	63	1	✓
跗		跗	tars	pejvo	5	1	✓
躺		躺	kuŝ	content	24	1	✓
轧		轧	grinc	content	4	1	✓
轭		轭	jug	content	4	1	✓
软		软	mol	content	40	1	✓
轰		轰	detonaci	pejvo	6	1	✓
轻浮		轻浮	frivol	pejvo	6	1	✓
载		载	ŝarĝ	content	36	1	✓
较		较	kompar	content	14	1	✓
迁		迁	migr	content	35	1	✓
这		这	jen	func	4	1	✓
远		远	tele	pref	111	1	✓
违		违	delikt	pejvo	6	1	✓
逛		逛	ekskurs	content	7	1	✓
邻		邻	najbar	content	9	1	✓
酰胺		酰胺	amid	pejvo	5	1	✓
酱		酱	saŭc	content	17	1	✓
醚		醚	eter	pejvo	7	1	✓
醛		醛	aldehid	pejvo	7	1	✓
钉		钉	najl	content	11	1	✓
钝		钝	obtuz	pejvo	5	1	✓
钟		钟	hor	content	41	1	✓
钠		钠	natri	elem	10	1	✓
钡		钡	bari	elem	3	1	✓
钢		钢	ŝtal	content	17	1	✓
钱		钱	mon	content	78	1	✓
钴		钴	kobalt	elem	1	1	✓
钽		钽	tantal	pejvo	6	1	✓
钾		钾	kali	elem	7	1	✓
铁		铁	fer	content	66	1	✓
铃兰		铃兰	konval	content	1	1	✓
铅		铅	plumb	content	21	1	✓
铜		铜	kupr	content	16	1	✓
铝		铝	alumini	content	5	1	✓
铬		铬	kromi	pejvo	6	1	✓
铲		铲	ŝovel	content	7	1	✓
铸		铸	gis	pejvo	11	1	✓
链节		链节	mer	pejvo	16	1	✓
销		销	stift	pejvo	10	1	✓
锂		锂	liti	elem	2	1	✓
锈		锈	rust	content	13	1	✓
锌		锌	zink	content	10	1	✓
错		错	erar	content	32	1	✓
锚		锚	ankr	pejvo	14	1	✓
锡		锡	stan	content	11	1	✓
锤		锤	martel	content	18	1	✓
键		键	klav	content	17	1	✓
锯		锯	seg	content	21	1	✓
锰		锰	mangan	elem	3	1	✓
锻		锻	forĝ	content	12	1	✓
镁		镁	magnezi	elem	3	1	✓
镍		镍	nikel	elem	3	1	✓
镐		镐	pioĉ	content	5	1	✓
门		门	pord	content	37	1	✓
闩		闩	rigl	pejvo	7	1	✓
闭		闭	ferm	content	56	1	✓
间		间	inter	prep	235	1	✓
间隔		间隔	interval	pejvo	5	1	✓
闸		闸	kluz	pejvo	9	1	✓
闹		闹	tumult	content	9	1	✓
闻		闻	anekdot	content	2	1	✓
阀		阀	valv	pejvo	16	1	✓
阅		阅	revu	content	4	1	✓
阳		阳	sun	content	63	1	✓
阴道		阴道	vagin	pejvo	6	1	✓
陆		陆	kontinent	content	11	1	✓
陨		陨	meteor	pejvo	10	1	✓
险		险	risk	content	13	1	✓
隐		隐	ermit	pejvo	6	1	✓
雾		雾	nebul	content	23	1	✓
霉		霉	s^im	pejvo	18	1	✓
靛		靛	indig	pejvo	7	1	✓
页		页	paĝ	content	15	1	✓
须		须	end	suf	14	1	✓
颂		颂	himn	content	5	1	✓
预		预	buĝet	content	10	1	✓
预测		预测	prognoz	pejvo	6	1	✓
颅		颅	krani	content	13	1	✓
领航		领航	pilot	content	9	1	✓
领事		领事	konsul	content	3	1	✓
颈		颈	kol	content	36	1	✓
颊		颊	vang	content	20	1	✓
颏		颏	menton	content	6	1	✓
频		频	frekvenc	sci	24	1	✓
额		额	frunt	content	3	1	✓
颤		颤	trem	content	24	1	✓
风湿		风湿	reu^mat	pejvo	6	1	✓
飓		飓	uragan	content	3	1	✓
飘		飘	flirt	content	8	1	✓
飞		飞	flug	content	71	1	✓
饲		饲	furaĝ	content	5	1	✓
饶		饶	indulg	content	10	1	✓
馏		馏	distil	pejvo	15	1	✓
马		马	ĉeval	content	51	1	✓
驯		驯	dres	content	5	1	✓
驱		驱	pel	content	30	1	✓
驳		驳	refut	content	4	1	✓
驴		驴	azen	content	9	1	✓
驻		驻	rezid	pejvo	5	1	✓
驼		驼	kamel	content	11	1	✓
骄		骄	fier	content	15	1	✓
骑		骑	rajd	content	24	1	✓
鱼雷		鱼雷	torped	pejvo	6	1	✓
鱼卵		鱼卵	fraj	pejvo	6	1	✓
鲔		鲔	tinus	pejvo	6	1	✓
鲜		鲜	freŝ	content	16	1	✓
鲤		鲤	karp	content	3	1	✓
鲨		鲨	ŝark	content	5	1	✓
鲱鱼		鲱鱼	haring	content	5	1	✓
鲸		鲸	balen	content	14	1	✓
鳄		鳄	krokodil	content	6	1	✓
鳗		鳗	angil	content	4	1	✓
鳞		鳞	skvam	pejvo	13	1	✓
鸟		鸟	bird	content	63	1	✓
鸡		鸡	kok	content	28	1	✓
鸡尾酒		鸡尾酒	koktel	pejvo	6	1	✓
鸥		鸥	mev	content	3	1	✓
鸦片		鸦片	opi	pejvo	7	1	✓
鸭		鸭	anas	content	14	1	✓
鸵鸟		鸵鸟	strut	content	4	1	✓
鸽		鸽	kolomb	content	22	1	✓
鹃		鹃	kukol	content	4	1	✓
鹊		鹊	pig	content	5	1	✓
鹤		鹤	gru	content	13	1	✓
鹦		鹦	papag	content	8	1	✓
鹳		鹳	cikoni	content	3	1	✓
齿		齿	dent	content	95	1	✓
龋		龋	kari	pejvo	8	1	✓
龙		龙	drak	pejvo	9	1	✓
龙舌兰		龙舌兰	agav	pejvo	5	1	✓
龙卷		龙卷	tromb	pejvo	6	1	✓
龟		龟	testud	content	8	1	✓
